titlemeta_ID;titlemeta_author;titlemeta_title;bestseller_author;bestseller_title;bestseller_year;ratio_author;ratio_title
uc2.ark+=13960=t7gq6sf0x;Allen, James Lane;The reign of law;Allen, James Lane;The Reign of Law;1900;100;100
uc2.ark+=13960=t5k932d0w;Johnston, Mary;To have and to hold;Johnston, Mary;To Have and To Hold;1900;100;100
uc2.ark+=13960=t7gq6sr2x;McCutcheon, George Barr;Graustark;McCutcheon, George Barr;Graustark;1901;100;100
uc2.ark+=13960=t12n50h8q;Johnston, Mary;Audrey;Johnston, Mary;Audrey;1902;100;100
uc2.ark+=13960=t96689c59;Tarkington, Booth;The two Vanrevels;Tarkington, Booth;The Two Vanrevels;1902;100;100
uc2.ark+=13960=t3zs2mg16;Michelson, Miriam;In the bishop's carriage;Michelson, Miriam;In the Bishop's Carriage;1904;100;100
uc2.ark+=13960=t7br8n136;McCutcheon, George Barr;Beverly of Graustark;McCutcheon, George Barr;Beverly of Graustark;1904;100;100
uc2.ark+=13960=t6542jz09;Johnston, Mary;Sir Mortimer;Johnston, Mary;Sir Mortimer;1904;100;100
uc2.ark+=13960=t10p0ww68;McCutcheon, George Barr;Nedra;McCutcheon, George Barr;Nedra;1905;100;100
uc2.ark+=13960=t04x59c1c;Thurston, Katherine Cecil;The gambler;Thurston, Katherine Cecil;The Gambler;1905;100;100
uc2.ark+=13960=t5z60rd5t;Ward, Mary Augusta;The marriage of William Ashe;Ward, Mary Augusta;The Marriage of William Ashe;1905;100;100
uc2.ark+=13960=t9f47jb2d;Wister, Owen;Lady Baltimore;Wister, Owen;Lady Baltimore;1906;100;100
uc2.ark+=13960=t15m62b3v;MacGrath, Harold;Half a rogue;MacGrath, Harold;Half a Rogue;1907;100;100
uc2.ark+=13960=t6b27q65p;Nicholson, Meredith;The Port of missing men;Nicholson, Meredith;The Port of Missing Men;1907;100;100
uc2.ark+=13960=t02z13n44;Beach, Rex;The barrier;Beach, Rex;The Barrier;1908;100;100
uc2.ark+=13960=t91834w37;MacGrath, Harold;The goose girl;MacGrath, Harold;The Goose Girl;1909;100;100
uc2.ark+=13960=t6j102c3z;Thurston, Katherine Cecil;Max;Thurston, Katherine Cecil;Max;1910;100;100
uc2.ark+=13960=fk7xk8535b;King, Basil;The wild olive;King, Basil;The Wild Olive;1910;100;100
uc2.ark+=13960=fk5q81518x;Deland, Margaret;The iron woman;Deland, Margaret;The Iron Woman;1911;100;100
uc2.ark+=13960=t1jh3f35g;Kester, Vaughan;The prodigal judge;Kester, Vaughan;The Prodigal Judge;1911;100;100
uc2.ark+=13960=t0xp6v81r;Beach, Rex;The net;Beach, Rex;The Net;1912;100;100
uc2.ark+=13960=t94748x6r;Johnson, Owen;The salamander;Johnson, Owen;The Salamander;1914;100;100
uc2.ark+=13960=t2t43k226;Tarkington, Booth;Penrod;Tarkington, Booth;Penrod;1914;100;100
uc2.ark+=13960=t1bk1865t;McCutcheon, George Barr;The Prince of Graustark;McCutcheon, George Barr;The Prince of Graustark;1914;100;100
uc2.ark+=13960=t86h4gn6r;Webster, Jean;Dear enemy;Webster, Jean;Dear Enemy;1916;100;100
mdp.39015076835118;Grey, Zane;The desert of wheat;Grey, Zane;The Desert of Wheat;1919;100;100
uc2.ark+=13960=t2f766f68;Curwood, James Oliver;The river's end;Curwood, James Oliver;The River's End;1920;100;100
uc2.ark+=13960=t05x25z6x;Lewis, Sinclair;Main street;Lewis, Sinclair;Main Street;1921;100;100
uc2.ark+=13960=t8rb6wt1j;Rinehart, Mary Roberts;A poor wise man;Rinehart, Mary Roberts;A Poor Wise Man;1921;100;100
uc2.ark+=13960=t6d21s33j;Lewis, Sinclair;Main Street;Lewis, Sinclair;Main Street;1921;100;100
mdp.39015016902705;Williams, Ben Ames;House divided;Williams, Ben Ames;House Divided;1947;100;100
uc1.b3710825;Keyes, Frances Parkinson;Dinner at Antoine's;Keyes, Frances Parkinson;Dinner at Antoine's;1948;100;100
uc1.b3710825;Keyes, Frances Parkinson;Dinner at Antoine's;Keyes, Frances Parkinson;Dinner at Antoine's;1949;100;100
uc1.b3295189;Yerby, Frank;Pride's castle;Yerby, Frank;Pride's Castle;1949;100;100
uc1.b3481744;Drury, Allen;A shade of difference;Drury, Allen;A Shade of Difference;1962;100;100
uc1.32106014452145;Fleming, Ian;The man with the golden gun;Fleming, Ian;The Man with the Golden Gun;1965;100;100
mdp.39015009314462;Hemingway, Ernest;Islands in the stream;Hemingway, Ernest;Islands in the Stream;1970;100;100
uc2.ark+=13960=t9959m718;Locke, William John;Jaffery;Locke, William J.;Jaffery;1915;89;100
uc2.ark+=13960=t84j0ds6x;Locke, William John;The red planet;Locke, William J.;The Red Planet;1917;89;100
uc2.ark+=13960=t5m904803;Churchill, Winston, Sir;The crisis;Churchill, Winston;The Crisis;1901;88;100
uc2.ark+=13960=fk0000004w;Churchill, Winston, Sir;The crossing;Churchill, Winston;The Crossing;1904;88;100
uc2.ark+=13960=t19k4613m;Churchill, Winston, Sir;Coniston;Churchill, Winston;Coniston;1906;88;100
uc2.ark+=13960=t6xw49546;Churchill, Winston, Sir;Mr. Crewe's career;Churchill, Winston;Mr. Crewe's Career;1908;88;100
uc2.ark+=13960=t5gb1zq7q;Dixon, Thomas;The one woman;Dixon, Thomas Jr.;The One Woman;1903;87;100
uc2.ark+=13960=t79s1mz76;Wiggin, Kate Douglas Smith;Rebecca of Sunnybrook farm;Wiggin, Kate Douglas;Rebecca of Sunnybrook Farm;1904;87;100
uc2.ark+=13960=t9q23sh58;Vance, Louis Joseph;The brass bowl;Vance, Louis J.;The Brass Bowl;1907;82;100
uc2.ark+=13960=fk4th8bt3z;Bacheller, Irving Addison;A man for the ages;Bacheller, Irving;A Man for the Ages;1920;81;100
uc1.$b105882;West, Rebecca, Dame;The thinking reed;West, Rebecca;The Thinking Reed;1936;81;100
uc2.ark+=13960=t4sj1bv84;Rice, Alice Caldwell Hegan;Lovey Mary;Rice, Alice Hegan;Lovey Mary;1903;79;100
uc2.ark+=13960=t9c53gj4f;Rice, Alice Caldwell Hegan;Sandy;Rice, Alice Hegan;Sandy;1905;79;100
uc1.b3687211;Bromfield, Louis;The strange case of Miss Annie Spragg.;Bromfield, Louis;The Strange Case of Miss Annie Spragg;1928;100;99
mdp.39015030850682;Breslin, Jimmy;The gang that couldn't shoot straight.;Breslin, Jimmy;The Gang That Couldn't Shoot Straight;1970;100;99
uc2.ark+=13960=t5r786w50;Deland, Margaret;The awakening of Helena Richie;Deland, Margaret;The Awakening of Helena Ritchie;1906;100;98
uc2.ark+=13960=t6tx36f8h;Wright, Harold Bell;The winning of Barbara Wort;Wright, Harold Bell;The Winning of Barbara Worth;1911;100;98
uc2.ark+=13960=t6tx36f8h;Wright, Harold Bell;The winning of Barbara Wort;Wright, Harold Bell;The Winning of Barbara Worth;1912;100;98
mdp.39015000604101;Werfel, Franz;Forty days of Musa dagh.;Werfel, Franz;The Forty Days of Musa Dagh;1935;100;98
mdp.39015066076368;Hemingway, Ernest;For whom the bell toll;Hemingway, Ernest;For Whom the Bell Tolls;1940;100;98
mdp.39015066076368;Hemingway, Ernest;For whom the bell toll;Hemingway, Ernest;For Whom the Bell Tolls;1941;100;98
mdp.39015016708177;Llewellyn, Richard;How green was my valley.;Llewellyn, Richard;How Green Was My Valley;1940;100;98
uc1.$b87076;Caldwell, Taylor;This side of innocence.;Caldwell, Taylor;This Side of Innocence;1946;100;98
uc1.$b370484;Davenport, Marcia;East Side, West Side.;Davenport, Marcia;East Side, West Side;1947;100;98
mdp.39015005711711;Jones, James;From here to eternity.;Jones, James;From Here to Eternity;1951;100;98
mdp.39015005711711;Jones, James;From here to eternity.;Jones, James;From Here to Eternity;1953;100;98
uc1.b3463671;Yerby, Frank;A woman called Fancy.;Yerby, Frank;A Woman Called Fancy;1951;100;98
uc1.b3481743;Caldwell, Taylor;Never victorious, never defeated.;Caldwell, Taylor;Never Victorious, Never Defeated;1954;100;98
uc1.32106002157912;Wouk, Herman;Marjorie Morningstar.;Wouk, Herman;Marjorie Morningstar;1955;100;98
mdp.39015018613631;Brinkley, William;Don't go near the water.;Brinkley, William;Don't Go Near the Water;1956;100;98
mdp.39015014215498;Shute, Nevil;Trustee from the toolroom ;Shute, Nevil;Trustee from the Toolroom;1960;100;98
inu.30000011354887;Fowles, John;The French lieutenant's woman.;Fowles, John;The French Lieutenant's Woman;1970;100;98
mdp.39015066051817;Craven, Margaret;I heard the owl call my name.;Craven, Margaret;I Heard the Owl Call My Name;1974;100;98
uc1.32106002026844;Le Carré, John;A small town in Germany ;Le Carre, John;A Small Town in Germany;1968;93;98
mdp.39015004263276;Le Carré, John;Tinker, tailor, soldier, spy ;Le Carre, John;Tinker, Tailor, Soldier, Spy;1974;93;98
mdp.39015003343988;Erdman, Paul Emil;The billion dollar sure thing ;Erdman, Paul E.;The Billion Dollar Sure Thing;1973;88;98
mdp.39015063548997;Glyn, Elinor;Visits of Elizabeth ;Glyn, Elinor;The Visits of Elizabeth;1901;100;97
uc2.ark+=13960=t8tb0zk8z;Hough, Emerson;The Mississippi bubbl;Hough, Emerson;The Mississippi Bubble;1902;100;97
mdp.39015002717604;Rinehart, Mary Roberts;When a man marries ;Rinehart, Mary Roberts;When a Man Marries;1910;100;97
nyp.33433076023195;Nicholson, Meredith;A Hoosier chronicle ;Nicholson, Meredith;A Hoosier Chronicle;1912;100;97
uc2.ark+=13960=fk2x34ms9c;Grey, Zane;"The Lone Star ranger;";Grey, Zane;The Lone Star Ranger;1915;100;97
uc2.ark+=13960=t8cf9jv1m;Webster, Henry Kitchell;"The real adventure;";Webster, Henry Kitchell;The Real Adventure;1916;100;97
mdp.39015002717745;Rinehart, Mary Roberts;The amazing interlude,;Rinehart, Mary Roberts;The Amazing Interlude;1918;100;97
uc2.ark+=13960=fk3416t51p;Grey, Zane;"The mysterious rider;";Grey, Zane;The Mysterious Rider;1921;100;97
uc1.b3687467;Erskine, John;The private life of Helen of Troy, ;Erskine, John;The Private Life of Helen of Troy;1926;100;97
uc1.$b245139;Wharton, Edith;Twilight sleep ;Wharton, Edith;Twilight Sleep;1927;100;97
uc1.$b799867;Wister, Owen;Lady Baltimore.;Wister, Owen;Lady Baltimore;1906;100;97
mdp.39015066062418;Remarque, Erich Maria;"All quiet on the western front; ";Remarque, Erich Maria;All Quiet on the Western Front;1929;100;97
mdp.49015000541525;Major, Charles;Dorothy Vernon of Haddon Hall  ;Major, Charles;Dorothy Vernon of Haddon Hall;1902;100;97
mdp.39015005332708;Barnes, Margaret Ayer;Years of grace.;Barnes, Margaret Ayer;Years of Grace;1930;100;97
mdp.39015005332708;Barnes, Margaret Ayer;Years of grace.;Barnes, Margaret Ayer;Years of Grace;1931;100;97
mdp.39015065529813;Aldrich, Bess Streeter;A white bird flying,;Aldrich, Bess Streeter;A White Bird Flying;1931;100;97
uc1.$b232542;De la Roche, Mazo;Finch's fortune,;de la Roche, Mazo;Finch's Fortune;1931;100;97
uc1.$b56702;Golding, Louis;Magnolia street.;Golding, Louis;Magnolia Street;1932;100;97
uc1.b3687497;Carroll, Gladys Hasty;As the earth turns ;Carroll, Gladys Hasty;As the Earth Turns;1933;100;97
mdp.39015002725615;Ferber, Edna;Come and get it.;Ferber, Edna;Come and Get It;1935;100;97
mdp.39015002260167;Steinbeck, John;Of mice and men.;Steinbeck, John;Of Mice and Men;1937;100;97
uc1.$b105642;Spring, Howard;My son, my son! ;Spring, Howard;My Son, My Son!;1938;100;97
mdp.39015004063601;Steinbeck, John;The grapes of wrath ;Steinbeck, John;The Grapes of Wrath;1939;100;97
mdp.39015004063601;Steinbeck, John;The grapes of wrath ;Steinbeck, John;The Grapes of Wrath;1940;100;97
uc1.b4097393;Ferber, Edna;Saratoga trunk.;Ferber, Edna;Saratoga Trunk;1941;100;97
mdp.39015025036917;Hersey, John;A bell for Adano ;Hersey, John;A Bell for Adano;1944;100;97
mdp.39015032129218;Remarque, Erich Maria;Arch of triumph ;Remarque, Erich Maria;Arch of Triumph;1946;100;97
mdp.39076000876305;Turnbull, Agnes Sligh;The bishop's mantle.;Turnbull, Agnes Sligh;The Bishop's Mantle;1948;100;97
mdp.39015014854023;Spring, Howard;The houses in between.;Spring, Howard;The Houses in Between;1952;100;97
inu.32000001277732;Du Maurier, Daphne;My cousin Rachel.;du Maurier, Daphne;My Cousin Rachel;1952;100;97
uc1.32106002148002;Steinbeck, John;Sweet Thursday.;Steinbeck, John;Sweet Thursday;1954;100;97
uc1.$b120096;Thompson, Morton;Not as a stranger.;Thompson, Morton;Not as a Stranger;1954;100;97
uc1.$b120096;Thompson, Morton;Not as a stranger.;Thompson, Morton;Not as a Stranger;1955;100;97
mdp.39015014235579;Cozzens, James Gould;By love possessed.;Cozzens, James Gould;By Love Possessed;1957;100;97
uc1.32106002144464;Seton, Anya;The Winthrop woman.;Seton, Anya;The Winthrop Woman;1958;100;97
mdp.39015057934286;Dennis, Patrick;Around the world with Auntie Mame  ;Dennis, Patrick;Around the World with Auntie Mame;1958;100;97
mdp.39015019181323;Davenport, Marcia;The constant image.;Davenport, Marcia;The Constant Image;1960;100;97
mdp.39076005055640;Stewart, Mary;This rough magic.;Stewart, Mary;This Rough Magic;1964;100;97
mdp.39015024078621;MacInnes, Helen;The Salzburg connection.;MacInnes, Helen;The Salzburg Connection;1968;100;97
mdp.39015020690858;Crichton, Michael;The Andromeda strain.;Crichton, Michael;The Andromeda Strain;1969;100;97
mdp.39015004712967;Roth, Philip;Portnoy's complaint.;Roth, Philip;Portnoy's Complaint;1969;100;97
mdp.39015003677161;Forsyth, Frederick;The day of the jackal.;Forsyth, Frederick;The Day of the Jackal;1971;100;97
mdp.39015003677161;Forsyth, Frederick;The day of the jackal.;Forsyth, Frederick;The Day of the Jackal;1972;100;97
mdp.39015049553541;Heller, Joseph;Something happened.;Heller, Joseph;Something Happened;1974;100;97
mdp.39015020735745;Adams, Richard;Watership Down ;Adams, Richard;Watership Down;1974;100;97
mdp.39015050822975;Stone, Irving;The Greek treasure :  a biographical novel of Henry and Sophia Schliemann  ;Stone, Irving;The Greek Treasure: A Biographical Novel of Henry and Sophia Schliemann;1975;100;97
mdp.39015037456236;Garner, James Finn;Politically correct bedtime stories  ;Garner, James Finn;Politically Correct Bedtime Stories;1994;100;97
mdp.39015037456236;Garner, James Finn;Politically correct bedtime stories  ;Garner, James Finn;Politically Correct Bedtime Stories;1995;100;97
mdp.39015031879979;McMillan, Terry;How Stella got her groove back  ;McMillan, Terry;How Stella Got Her Groove Back;1996;100;97
mdp.39015026963218;Sagan, Françoise;Bonjour tristesse ;Sagan, Francoise;Bonjour Tristesse;1955;94;97
mdp.39015053232107;West, Morris L;Daughter of silence.;West, Morris;Daughter of Silence;1961;92;97
uva.x004639182;Fox, John;The little shepherd of Kingdom Come  ;Fox, John Jr.;The Little Shepherd of Kingdom Come;1903;82;97
uva.x004639182;Fox, John;The little shepherd of Kingdom Come  ;Fox, John Jr.;The Little Shepherd of Kingdom Come;1904;82;97
nyp.33433076089436;Goss, Charles Frederic;The redemption of David Corson  ;Goss, Charles Frederic;The Redemption of David Corson;1900;100;96
nyp.33433076080732;Thompson, Maurice;Alice of old Vincennes  ;Thompson, Maurice;Alice of Old Vincennes;1900;100;96
nyp.33433076080732;Thompson, Maurice;Alice of old Vincennes  ;Thompson, Maurice;Alice of Old Vincennes;1901;100;96
nyp.33433076045701;Michelson, Miriam;In the bishop's carriage, ;Michelson, Miriam;In the Bishop's Carriage;1904;100;96
wu.89047436936;Nicholson, Meredith;The house of a thousand candles  ;Nicholson, Meredith;The House of a Thousand Candles;1906;100;96
mdp.39015021067031;Little, Frances;The lady of the decoration, ;Little, Frances;The Lady of the Decoration;1907;100;96
nyp.33433076075609;McCutcheon, George Barr;The daughter of Anderson Crow, ;McCutcheon, George Barr;The Daughter of Anderson Crow;1907;100;96
uva.x004680499;Rives, Hallie Erminie;The kingdom of slender swords  ;Rives, Hallie Erminie;The Kingdom of Slender Swords;1910;100;96
mdp.39015059407935;Connor, Ralph;The sky pilot in no man's land  ;Connor, Ralph;The Sky Pilot in No Man's Land;1919;100;96
mdp.39015063551041;Grey, Zane;Wanderer of the wasteland, ;Grey, Zane;The Wanderer of the Wasteland;1923;100;96
mdp.39015031304689;Tarkington, Booth;Claire Ambler ;Tarkington, Booth;Claire Ambler;1928;100;96
uc1.$b323471;Brush, Katharine;Young man of Manhattan  ;Brush, Katharine;Young Man of Manhattan;1930;100;96
uc1.b4384802;Hurst, Fannie;Back street.;Hurst, Fannie;Back Street;1931;100;96
mdp.39015063740214;Aldrich, Bess Streeter;Miss Bishop ;Aldrich, Bess Streeter;Miss Bishop;1933;100;96
mdp.39015014519741;Lewis, Sinclair;Work of art.;Lewis, Sinclair;Work of Art;1934;100;96
mdp.39015053606771;Morgan, Charles;Sparkenbroke.;Morgan, Charles;Sparkenbroke;1936;100;96
mdp.39015008036983;Hilton, James;Lost horizon.;Hilton, James;Lost Horizon;1935;100;96
uc1.$b86042;Bottome, Phyllis;The mortal storm.;Bottome, Phyllis;The Mortal Storm;1938;100;96
uc1.b3456943;Morley, Christopher;Kitty Foyle.;Morley, Christopher;Kitty Foyle;1939;100;96
uc1.b3456943;Morley, Christopher;Kitty Foyle.;Morley, Christopher;Kitty Foyle;1940;100;96
mdp.39015009059281;Du Maurier, Daphne;Hungry hill.;du Maurier, Daphne;Hungry Hill;1943;100;96
mdp.39015010387036;Winsor, Kathleen;Forever Amber.;Winsor, Kathleen;Forever Amber;1944;100;96
mdp.39015010387036;Winsor, Kathleen;Forever Amber.;Winsor, Kathleen;Forever Amber;1945;100;96
mdp.39015000628977;Langley, Adria Locke;A lion is in the streets, ;Langley, Adria Locke;A Lion Is in the Streets;1945;100;96
uc1.b4384779;Ullman, James Ramsey;The White tower ;Ullman, James Ramsey;The White Tower;1945;100;96
mdp.39015003942086;Goudge, Elizabeth;Pilgrim's inn.;Goudge, Elizabeth;Pilgrim's Inn;1948;100;96
uc1.b3727937;Yerby, Frank;The golden hawk.;Yerby, Frank;The Golden Hawk;1948;100;96
mdp.39015012209816;Bristow, Gwen;Jubilee trail.;Bristow, Gwen;Jubilee Trail;1950;100;96
uc1.b3553065;Shellabarger, Samuel;Lord Vanity.;Shellabarger, Samuel;Lord Vanity;1953;100;96
uc1.b3727443;Williams, Ben Ames;The unconquered.;Williams, Ben Ames;The Unconquered;1953;100;96
mdp.39015008839709;Turnbull, Agnes Sligh;The gown of glory.;Turnbull, Agnes Sligh;The Gown of Glory;1952;100;96
mdp.39015030701042;Keyes, Frances Parkinson;Blue camellia.;Keyes, Frances Parkinson;Blue Camellia;1957;100;96
mdp.39015013019701;Shute, Nevil;On the beach ;Shute, Nevil;On the Beach;1957;100;96
mdp.39015024078910;Gallico, Paul;Mrs. 'Arris goes to Paris  ;Gallico, Paul;Mrs. 'Arris Goes to Paris;1959;100;96
pst.000032220704;Caldwell, Taylor;Dear and glorious physician  ;Caldwell, Taylor;Dear and Glorious Physician;1959;100;96
mdp.39015020668409;Steinbeck, John;The winter of our discontent  ;Steinbeck, John;The Winter of Our Discontent;1961;100;96
mdp.39076006273952;Porter, Katherine Anne;Ship of fools.;Porter, Katherine Anne;Ship of Fools;1962;100;96
mdp.39015046364652;Wouk, Herman;The Caine mutiny.;Wouk, Herman;The Caine Mutiny;1951;100;96
mdp.39015046364652;Wouk, Herman;The Caine mutiny.;Wouk, Herman;The Caine Mutiny;1952;100;96
mdp.39015043199028;Du Maurier, Daphne;The glass-blowers ;du Maurier, Daphne;The Glass-Blowers;1963;100;96
mdp.39015001698649;Wouk, Herman;Don't stop the carnival  ;Wouk, Herman;Don't Stop the Carnival;1965;100;96
uc1.$b83887;Moore, Robin;The green berets.;Moore, Robin;The Green Berets;1965;100;96
mdp.39015024079090;MacInnes, Helen;The double image.;MacInnes, Helen;The Double Image;1966;100;96
mdp.39015019641342;Ashe, Penelope;Naked came the stranger  ;Ashe, Penelope;Naked Came the Stranger;1969;100;96
mdp.39015047597573;Bach, Richard;Jonathan Livingston Seagull. ;Bach, Richard;Jonathan Livingston Seagull;1972;100;96
mdp.39015047597573;Bach, Richard;Jonathan Livingston Seagull. ;Bach, Richard;Jonathan Livingston Seagull;1973;100;96
mdp.39015009382261;Stewart, Mary;The crystal cave.;Stewart, Mary;The Crystal Cave;1970;100;96
uc1.32106011012165;Rice, Anne;The tale of the body thief  ;Rice, Anne;Tale of the Body Thief;1992;100;96
mdp.39015032612809;Morgan, Marlo;Mutant message down under  ;Morgan, Marlo;Mutant Message Down Under;1994;100;96
mdp.39015043780249;King, Stephen;The girl who loved Tom Gordon  ;King, Stephen;The Girl Who Loved Tom Gordon;1999;100;96
nyp.33433081937322;Burnett, Frances (Hodgson);The head of the house of Coombe, ;Burnett, Frances Hodgson;The Head of the House of Coombe;1922;96;96
uiug.30112042024395;Dell, Ethel May;The bars of iron.;Dell, Ethel M.;Bars of Iron;1916;90;96
mdp.39015017929921;Wiggin, Kate Douglas Smith;Rebecca of Sunnybrook Farm  ;Wiggin, Kate Douglas;Rebecca of Sunnybrook Farm;1904;87;96
uc1.b4080296;Walpole, Hugh, Sir;Rogue Herries.;Walpole, Hugh;Rogue Herries;1930;84;96
mdp.39015047106227;Roberts, Kenneth Lewis;Boon Island.;Roberts, Kenneth;Boon Island;1956;84;96
mdp.39015011402230;Fox, John;The trail of the lonesome pine, ;Fox, John Jr.;The Trail of the Lonesome Pine;1908;82;96
mdp.39015011402230;Fox, John;The trail of the lonesome pine, ;Fox, John Jr.;The Trail of the Lonesome Pine;1909;82;96
nc01.ark+=13960=t41r7kk60;Bacheller, Irving Addison;"Eben Holden;";Bacheller, Irving;Eben Holden;1900;81;96
nc01.ark+=13960=t41r7kk60;Bacheller, Irving Addison;"Eben Holden;";Bacheller, Irving;Eben Holden;1901;81;96
uc1.$b312694;Train, Arthur Cheney;His children's children  ;Train, Arthur;His Children's Children;1923;79;96
uc1.b3688431;Hobart, Alice Tisdale Nourse, Mrs;Oil for the lamps of China  ;Hobart, Alice Tisdale;Oil for the Lamps of China;1934;78;96
nyp.33433074864814;Glyn, Elinor;The visits of Elizabeth  ;Glyn, Elinor;The Visits of Elizabeth;1901;100;95
mdp.39015063739901;Allen, James Lane;The mettle of the pasture  ;Allen, James Lane;The Mettle of the Pasture;1903;100;95
mdp.39015063941481;McCutcheon, George Barr;The man from Brodney's, ;McCutcheon, George Barr;The Man from Brodney's;1908;100;95
nyp.33433076088826;Kester, Vaughan;The just and the unjust, ;Kester, Vaughan;The Just and the Unjust;1912;100;95
nyp.33433076047962;Rives, Hallie Erminie;The Valiants of Virginia, ;Rives, Hallie Erminie;The Valiants of Virginia;1913;100;95
uc2.ark+=13960=t7hq3sn2r;Dalrymple, Leona;Diane of the green v;Dalrymple, Leona;Diane of the Green Van;1914;100;95
nyp.33433076055130;Poole, Ernest;His family.;Poole, Ernest;His Family;1917;100;95
uc2.ark+=13960=t0ks6k18m;Grey, Zane;The U.P. Trail;Grey, Zane;The U. P. Trail;1918;100;95
njp.32101068971017;Keable, Robert;Simon called Peter  ;Keable, Robert;Simon Called Peter;1922;100;95
mdp.39015063952744;Sedgwick, Anne Douglas;The little French girl, ;Sedgwick, Anne Douglas;The Little French Girl;1924;100;95
mdp.39015063952744;Sedgwick, Anne Douglas;The little French girl, ;Sedgwick, Anne Douglas;The Little French Girl;1925;100;95
uc1.$b244071;Parrish, Anne;The perennial bachelor  ;Parrish, Anne;The Perennial Bachelor;1925;100;95
uc1.$b56317;Barnes, Margaret Ayer;Within this present, ;Barnes, Margaret Ayer;Within This Present;1934;100;95
uc1.b4097312;Fallada, Hans;Little man, what now?  ;Fallada, Hans;Little Man, What Now?;1933;100;95
mdp.39015046452556;Dinesen, Isak;Seven Gothic tales  ;Dinesen, Isak;Seven Gothic Tales;1934;100;95
uc1.b4078729;Wolfe, Thomas;Of time and the river, ;Wolfe, Thomas;Of Time and the River;1935;100;95
mdp.39015005776847;Mitchell, Margaret;Gone with the wind  ;Mitchell, Margaret;Gone with the Wind;1936;100;95
mdp.39015005776847;Mitchell, Margaret;Gone with the wind  ;Mitchell, Margaret;Gone with the Wind;1937;100;95
uc1.32106002089198;Bellamann, Henry;Kings Row,;Bellamann, Henry;Kings Row;1942;100;95
mdp.39015019181331;Davenport, Marcia;The valley of decision, ;Davenport, Marcia;The Valley of Decision;1943;100;95
mdp.39015005757706;Werfel, Franz;Song of Bernadette  ;Werfel, Franz;The Song of Bernadette;1942;100;95
mdp.39015005757706;Werfel, Franz;Song of Bernadette  ;Werfel, Franz;The Song of Bernadette;1943;100;95
mdp.39015003942102;Goudge, Elizabeth;Green Dolphin street, ;Goudge, Elizabeth;Green Dolphin Street;1944;100;95
mdp.39015051364423;Graham, Gwethalyn;Earth and high heaven  ;Graham, Gwethalyn;Earth and High Heaven;1945;100;95
coo.31924014518330;Williams, Ben Ames;Leave her to heaven, ;Williams, Ben Ames;Leave Her to Heaven;1944;100;95
mdp.39015040760053;Shellabarger, Samuel;Captain from Castile, ;Shellabarger, Samuel;Captain from Castile;1945;100;95
mdp.39015047643500;Janney, Russell;The miracle of the bells  ;Janney, Russell;The Miracle of the Bells;1946;100;95
mdp.39015047643500;Janney, Russell;The miracle of the bells  ;Janney, Russell;The Miracle of the Bells;1947;100;95
uc1.b4083124;Wakeman, Frederic;The hucksters.;Wakeman, Frederic;The Hucksters;1946;100;95
mdp.39015012250489;Streeter, Edward;"Father of the bride; ";Streeter, Edward;Father of the Bride;1949;100;95
uc1.32106002149000;Streeter, Edward;"Father of the bride; ";Streeter, Edward;Father of the Bride;1949;100;95
inu.32000002906495;Du Maurier, Daphne;The parasites.;du Maurier, Daphne;The Parasites;1950;100;95
mdp.39015014862471;Yerby, Frank;Floodtide.;Yerby, Frank;Floodtide;1950;100;95
mdp.39015000643026;Monsarrat, Nicholas;The cruel sea.;Monsarrat, Nicholas;The Cruel Sea;1951;100;95
uc1.b3435087;Uris, Leon;Battle cry.;Uris, Leon;Battle Cry;1953;100;95
mdp.39015031779963;Hyman, Mac;No time for sergeants  ;Hyman, Mac;No Time for Sergeants;1954;100;95
mdp.39015031779963;Hyman, Mac;No time for sergeants  ;Hyman, Mac;No Time for Sergeants;1955;100;95
uc1.b3710830;Keyes, Frances Parkinson;The royal box.;Keyes, Frances Parkinson;The Royal Box;1954;100;95
mdp.39015000594930;O'Hara, John;Ten North Frederick  ;O'Hara, John;Ten North Frederick;1955;100;95
mdp.39015002385675;Levin, Meyer;Compulsion.;Levin, Meyer;Compulsion;1957;100;95
inu.32000002906503;Du Maurier, Daphne;The scapegoat.;du Maurier, Daphne;The Scapegoat;1957;100;95
mdp.39015009207724;Shulman, Max;Rally around the flag, boys.;Shulman, Max;Rally Round the Flag, Boys!;1957;100;95
uc1.$b102097;Keyes, Frances Parkinson;Victorine.;Keyes, Frances Parkinson;Victorine;1958;100;95
mdp.39015013121127;Drury, Allen;Advise and consent. ;Drury, Allen;Advise and Consent;1959;100;95
mdp.39015013121127;Drury, Allen;Advise and consent. ;Drury, Allen;Advise and Consent;1960;100;95
mdp.39015011571653;Auchincloss, Louis;The embezzler.;Auchincloss, Louis;The Embezzler;1966;100;95
mdp.39015043198871;Du Maurier, Daphne;The house on the strand  ;du Maurier, Daphne;The House on the Strand;1969;100;95
mdp.39015007021986;Shaw, Irwin;Rich man, poor man  ;Shaw, Irwin;Rich Man, Poor Man;1970;100;95
mdp.39015008850250;Segal, Erich;Love story.;Segal, Erich;Love Story;1970;100;95
uc1.b4451024;Jenkins, Dan;Semi-tough.;Jenkins, Dan;Semi-Tough;1972;100;95
mdp.39015046381375;Susann, Jacqueline;Once is not enough  ;Susann, Jacqueline;Once Is Not Enough;1973;100;95
uc1.32106009087138;Herbert, Frank;God Emperor of Dune  ;Herbert, Frank;God Emperor of Dune;1981;100;95
mdp.39015013970788;Irving, John;The Hotel New Hampshire  ;Irving, John;The Hotel New Hampshire;1981;100;95
mdp.49015002573658;McCullough, Colleen;An indecent obsession  ;McCullough, Colleen;An Indecent Obsession;1981;100;95
pst.000051139704;Sheldon, Sidney;Windmills of the gods  ;Sheldon, Sidney;Windmills of the Gods;1987;100;95
mdp.39015050822546;Krantz, Judith;Till we meet again  ;Krantz, Judith;Till We Meet Again;1988;100;95
uc1.32106015865600;Rice, Anne;The queen of the damned  ;Rice, Anne;The Queen of the Damned;1988;100;95
pst.000051406523;Follett, Ken;The pillars of the earth  ;Follett, Ken;The Pillars of the Earth;1989;100;95
mdp.49015000870908;King, Stephen;Four past midnight  ;King, Stephen;Four Past Midnight;1990;100;95
mdp.39015046353481;Tan, Amy;The kitchen god's wife  ;Tan, Amy;The Kitchen God's Wife;1991;100;95
mdp.39015032592712;Bradford, Barbara Taylor;Everything to gain  ;Bradford, Barbara Taylor;Everything to Gain;1994;100;95
mdp.39015032715487;Sheldon, Sidney;Nothing lasts forever  ;Sheldon, Sidney;Nothing Lasts Forever;1994;100;95
mdp.39015037824920;Mitchard, Jacquelyn;The deep end of the ocean  ;Mitchard, Jacquelyn;The Deep End of the Ocean;1996;100;95
mdp.39015040575493;Ludlum, Robert;The Matarese countdown  ;Ludlum, Robert;The Matarese Countdown;1997;100;95
mdp.39015045693713;Clark, Mary Higgins;All through the night  ;Clark, Mary Higgins;All Through the Night;1998;100;95
mdp.39015047449866;Steel, Danielle;Irresistible forces  ;Steel, Danielle;Irresistible Forces;1999;100;95
mdp.39015047521110;Le Carré, John;The honourable schoolboy  ;Le Carre, John;The Honourable Schoolboy;1977;93;95
uc1.b4374271;Churchill, Winston, Sir;A modern chronicle. ;Churchill, Winston;A Modern Chronicle;1910;88;95
nyp.33433074812219;Churchill, Winston, Sir;Mr. Crewe's career, ;Churchill, Winston;Mr. Crewe's Career;1908;88;95
pst.000019745510;Peterkin, Julia Mood;Scarlet sister Mary  ;Peterkin, Julia;Scarlet Sister Mary;1929;86;95
mdp.39015063549037;Fox, John;The heart of the hills, ;Fox, John Jr.;Heart of the Hills;1913;82;95
mdp.39015034414261;Cornwell, Patricia Daniels;From Potter's field  ;Cornwell, Patricia;From Potter's Field;1995;82;95
mdp.39015041541072;Cornwell, Patricia Daniels;Unnatural exposure  ;Cornwell, Patricia;Unnatural Exposure;1997;82;95
nyp.33433076023989;Norris, Kathleen Thompson;Harriet and the piper, ;Norris, Kathleen;Harriet and the Piper;1920;78;95
mdp.39015002751025;Ruark, Robert Chester;Something of value. ;Ruark, Robert;Something of Value;1955;76;95
mdp.39015063927910;Runkle, Bertha;"The helmet of Navarre; ";Runkle, Bertha;The Helmet of Navarre;1901;100;94
mdp.49015002772011;Hichens, Robert;The garden of Allah, ;Hichens, Robert;The Garden of Allah;1905;100;94
nyp.33433076048002;Rives, Hallie Erminie;Satan Sanderson, ;Rives, Hallie Erminie;Satan Sanderson;1907;100;94
nyp.33433074876248;MacGrath, Harold;The lure of the mask. ;MacGrath, Harold;The Lure of the Mask;1908;100;94
nyp.33433074841747;Daviess, Maria Thompson;The melting of Molly. ;Daviess, Maria Thompson;The Melting of Molly;1912;100;94
nyp.33433074797394;Wright, Harold Bell;Their yesterdays  ;Wright, Harold Bell;Their Yesterdays;1912;100;94
mdp.39015063550175;Harrison, Henry Sydnor;Angela's business, ;Harrison, Henry Sydnor;Angela's Business;1915;100;94
mdp.39015002753518;Sabatini, Rafael;The sea-hawk,;Sabatini, Rafael;The Sea-Hawk;1923;100;94
uc1.32106002112446;Grey, Zane;Wildfire.;Grey, Zane;Wildfire;1917;100;94
nyp.33433076079080;Wharton, Edith;The age of innocence, ;Wharton, Edith;The Age of Innocence;1921;100;94
uc1.b3834680;Deeping, Warwick;Sorrell and son, ;Deeping, Warwick;Sorrell and Son;1926;100;94
uc1.b3834680;Deeping, Warwick;Sorrell and son, ;Deeping, Warwick;Sorrell and Son;1927;100;94
mdp.39015031235727;Heyward, DuBose;Mamba's daughters  ;Heyward, DuBose;Mamba's Daughters;1929;100;94
mdp.39015030851060;Bromfield, Louis;Twenty-four hours, ;Bromfield, Louis;Twenty-Four Hours;1930;100;94
mdp.39015029924084;Wilder, Thornton;The woman of Andros, ;Wilder, Thornton;The Woman of Andros;1930;100;94
mdp.39015003681304;Galsworthy, John;Maid in waiting, ;Galsworthy, John;Maid in Waiting;1931;100;94
mdp.39015030728516;Cather, Willa;Shadows on the ro;Cather, Willa;Shadows on the Rock;1931;100;94
mdp.39015031230819;Deeping, Warwick;The bridge of desire, ;Deeping, Warwick;The Bridge of Desire;1931;100;94
mdp.39015031231221;Deeping, Warwick;Old wine and new, ;Deeping, Warwick;Old Wine and New;1932;100;94
mdp.39015053592385;Morgan, Charles;The fountain ;Morgan, Charles;The Fountain;1932;100;94
uc1.$b348168;Allen, Hervey;Anthony Adverse  ;Allen, Hervey;Anthony Adverse;1933;100;94
uc1.$b348168;Allen, Hervey;Anthony Adverse  ;Allen, Hervey;Anthony Adverse;1934;100;94
mdp.39015051112673;Young, Stark;So red the rose  ;Young, Stark;So Red the Rose;1934;100;94
mdp.39015003341842;Field, Rachel;Time out of mind, ;Field, Rachel;Time Out of Mind;1935;100;94
pst.000005375714;Huxley, Aldous;Eyeless in Gaza  ;Huxley, Aldous;Eyeless in Gaza;1936;100;94
uc1.$b56291;Allen, Hervey;Action at Aquila  ;Allen, Hervey;Action at Aquila;1938;100;94
pst.000029131198;Field, Rachel;All this and heaven too  ;Field, Rachel;All This, and Heaven Too;1938;100;94
pst.000029131198;Field, Rachel;All this and heaven too  ;Field, Rachel;All This, and Heaven Too;1939;100;94
uc1.$b57138;Page, Elizabeth;The tree of liberty, ;Page, Elizabeth;The Tree of Liberty;1939;100;94
mdp.39015030851110;Bromfield, Louis;Night in Bombay, ;Bromfield, Louis;Night in Bombay;1940;100;94
pst.000002027432;Field, Rachel;And now tomorrow  ;Field, Rachel;And Now Tomorrow;1942;100;94
mdp.39015030851136;Bromfield, Louis;Mrs. Parkington  ;Bromfield, Louis;Mrs. Parkington;1943;100;94
mdp.39015048732443;De la Roche, Mazo;The master of Jalna, ;de la Roche, Mazo;The Master of Jalna;1933;100;94
mdp.39015030113016;Yerby, Frank;The foxes of Harrow  ;Yerby, Frank;The Foxes of Harrow;1946;100;94
mdp.39015066057715;Lewis, Sinclair;Kingsblood royal  ;Lewis, Sinclair;Kingsblood Royal;1947;100;94
pst.000032352818;Robinson, Henry Morton;The cardinal.;Robinson, Henry Morton;The Cardinal;1950;100;94
pst.000032352818;Robinson, Henry Morton;The cardinal.;Robinson, Henry Morton;The Cardinal;1951;100;94
mdp.49015001330217;Stone, Irving;Love is eternal. ;Stone, Irving;Love Is Eternal;1954;100;94
inu.30000114449469;O'Hara, John;Ourselves to know  ;O'Hara, John;Ourselves To Know;1960;100;94
inu.30000123932489;O'Connor, Edwin;The edge of sadness  ;O'Connor, Edwin;The Edge of Sadness;1961;100;94
mdp.39015011909549;Auchincloss, Louis;The rector of Justin  ;Auchincloss, Louis;The Rector of Justin;1964;100;94
uc1.b3462115;Knebel, Fletcher;Vanished.;Knebel, Fletcher;Vanished;1968;100;94
pst.000007426209;Holmes, Marjorie;Two from Galilee  ;Holmes, Marjorie;Two from Galilee;1972;100;94
mdp.39015008295845;Greene, Graham;The honorary consul  ;Greene, Graham;The Honorary Consul;1973;100;94
mdp.39015001817553;Bellow, Saul;Humboldt's gift  ;Bellow, Saul;Humboldt's Gift;1975;100;94
mdp.39015027237067;Stewart, Mary;Touch not the cat  ;Stewart, Mary;Touch Not the Cat;1976;100;94
mdp.39076001210744;Shaw, Irwin;Beggarman, thief  ;Shaw, Irwin;Beggarman, Thief;1977;100;94
mdp.39015010699794;Fast, Howard;Second generation  ;Fast, Howard;Second Generation;1978;100;94
uc1.32106006152380;Styron, William;Sophie's choice  ;Styron, William;Sophie's Choice;1979;100;94
mdp.39015040127014;Stewart, Mary;The last enchantment  ;Stewart, Mary;The Last Enchantment;1979;100;94
pst.000018061024;Caldwell, Taylor;Answer as a man  ;Caldwell, Taylor;Answer as a Man;1980;100;94
mdp.39015007068235;Asimov, Isaac;Foundation's edge  ;Asimov, Isaac;Foundation's Edge;1982;100;94
mdp.39015035336281;King, Stephen;Different seasons  ;King, Stephen;Different Seasons;1982;100;94
mdp.39015058732960;Collins, Jackie;Hollywood wives  ;Collins, Jackie;Hollywood Wives;1983;100;94
wu.89085145860;Eco, Umberto;The name of the rose  ;Eco, Umberto;The Name of the Rose;1983;100;94
mdp.39015047868867;Keillor, Garrison;Lake Wobegon days  ;Keillor, Garrison;Lake Wobegon Days;1985;100;94
mdp.39015063095692;Archer, Jeffrey;A matter of honor  ;Archer, Jeffrey;A Matter of Honor;1986;100;94
uc1.32106008671106;Jakes, John;California gold  ;Jakes, John;California Gold;1989;100;94
mdp.49015002943570;Clancy, Tom;The sum of all fears  ;Clancy, Tom;The Sum of All Fears;1991;100;94
mdp.39015066054928;McMillan, Terry;Waiting to exhale  ;McMillan, Terry;Waiting to Exhale;1992;100;94
mdp.49015002827708;Steel, Danielle;Mixed blessings  ;Steel, Danielle;Mixed Blessings;1992;100;94
mdp.39015034912363;Evans, Nicholas;The horse whisperer  ;Evans, Nicholas;The Horse Whisperer;1995;100;94
pst.000043933501;Miller, Henry;Tropic of Cancer  ;Miller, Henry;Tropic of Cancer;1961;100;94
mdp.39015046386523;Clancy, Tom;Executive orders  ;Clancy, Tom;Executive Orders;1996;100;94
mdp.39015041359921;Steel, Danielle;Special delivery  ;Steel, Danielle;Special Delivery;1997;100;94
mdp.39015040365705;Clark, Mary Higgins;You belong to me  ;Clark, Mary Higgins;You Belong to Me;1998;100;94
mdp.39015056848560;Levin, Ira;Rosemary's baby  ;Levin, Ira;Rosemary's Baby;1967;100;94
pst.000065617298;Grey, Zane;To the last man  ;Grey, Zane;To the Last Man;1922;100;94
uc1.b3473687;Hailey, Arthur;Strong medicine  ;Haley, Arthur;Strong Medicine;1984;96;94
mdp.39015052395905;Auel, Jean M;The mammoth hunters  ;Auel, Jean M.;The Mammoth Hunters;1985;96;94
mdp.39015056245577;Auel, Jean M;The plains of passage  ;Auel, Jean M.;The Plains of Passage;1990;96;94
mdp.39015063552882;Farnol, Jeffery;The amateur gentleman, ;Farnol, Jeffrey;The Amateur Gentleman;1913;93;94
mdp.39015051828823;Le Carré, John;Smiley's people  ;Le Carre, John;Smiley's People;1979;93;94
uva.x004619705;Hémon, Louis;Maria Chapdelaine  ;Hemon, Louis;Maria Chapdelaine;1922;92;94
pst.000043529889;Hémon, Louis;Maria Chapdelaine  ;Hemon, Louis;Maria Chapdelaine;1922;92;94
uiug.30112039914905;Elizabeth;The enchanted April  ;"""Elizabeth""";The Enchanted April;1923;90;94
mdp.39015063938933;Locke, William John;Simon the jester  ;Locke, William J.;Simon the Jester;1910;89;94
nyp.33433074879481;Locke, William John;The fortunate youth, ;Locke, William J.;The Fortunate Youth;1914;89;94
uc1.b3865729;Churchill, Winston, Sir;The crossing.;Churchill, Winston;The Crossing;1904;88;94
pst.000022671783;Lockridge, Ross;Raintree County  ;Lockridge, Ross Jr.;Raintree County;1948;88;94
mdp.39015063958998;Wiggin, Kate Douglas Smith;Rose o' the river, ;Wiggin, Kate Douglas;Rose o' the River;1905;87;94
uva.x000467514;Dixon, Thomas;"The clansman;";Dixon, Thomas Jr.;The Clansman;1905;87;94
mdp.39015007028577;Roberts, Kenneth Lewis;Northwest passage, ;Roberts, Kenneth;Northwest Passage;1937;84;94
mdp.39015007028577;Roberts, Kenneth Lewis;Northwest passage, ;Roberts, Kenneth;Northwest Passage;1938;84;94
mdp.39015047111656;Cornwell, Patricia Daniels;Point of origin  ;Cornwell, Patricia;Point of Origin;1998;82;94
pst.000022269416;Miller, Caroline Pafford;Lamb in his bosom  ;Miller, Caroline;Lamb in His Bosom;1934;80;94
uc1.b3710785;Norris, Kathleen Thompson;The heart of Rachael, ;Norris, Kathleen;The Heart of Rachael;1916;78;94
uc1.b3727429;White, Stewart Edward;The silent places  ;White, Stewart Edward;The Silent Places;1904;100;93
uc1.32106002154331;Wharton, Edith;The house of mirth, ;Wharton, Edith;The House of Mirth;1905;100;93
uc1.32106002154331;Wharton, Edith;The house of mirth, ;Wharton, Edith;The House of Mirth;1906;100;93
mdp.39015063923869;Hough, Emerson;54-40 or fight, ;Hough, Emerson;54-40 or Fight;1909;100;93
uc2.ark+=13960=t7kp7v701;Lane, Elinor Macartney;"Katrine;";Lane, Elinor Macartney;Katrine;1909;100;93
nyp.33433075756498;Sinclair, May;The tree of heaven, ;Sinclair, May;The Tree of Heaven;1918;100;93
mdp.39015063950037;Rinehart, Mary Roberts;Dangerous days  ;Rinehart, Mary Roberts;Dangerous Days;1919;100;93
inu.32000002843417;Tarkington, Booth;The turmoil.;Tarkington, Booth;The Turmoil;1915;100;93
mdp.39015005659381;Kennedy, Margaret;The constant nymph, ;Kennedy, Margaret;The Constant Nymph;1925;100;93
uc1.b3834423;Galsworthy, John;One more river, ;Galsworthy, John;One More River;1933;100;93
uc1.32106007991901;Du Maurier, Daphne;Rebecca.;du Maurier, Daphne;Rebecca;1938;100;93
uc1.32106007991901;Du Maurier, Daphne;Rebecca.;du Maurier, Daphne;Rebecca;1939;100;93
mdp.39015000625262;Knight, Eric;This above all, ;Knight, Eric;This Above All;1941;100;93
inu.32000009149842;Hilton, James;Random harvest  ;Hilton, James;Random Harvest;1941;100;93
mdp.39015014776887;Du Maurier, Daphne;The King's general  ;du Maurier, Daphne;The King's General;1946;100;93
uc1.b3295180;Smith, Betty;Tomorrow will be bet;Smith, Betty;Tomorrow Will Be Better;1948;100;93
mdp.39015000551153;O'Hara, John;A rage to live  ;O'Hara, John;A Rage to Live;1949;100;93
uc1.32106002184684;Rechy, John;City of night  ;Rechy, John;City of Night;1963;100;93
mdp.39015048745395;Marshall, Catherine;Christy ;Marshall, Catherine;Christy;1967;100;93
mdp.39015048745395;Marshall, Catherine;Christy ;Marshall, Catherine;Christy;1968;100;93
uc1.32106002151097;Updike, John;Couples.;Updike, John;Couples;1968;100;93
uc1.32106005853186;Potok, Chaim;The promise.;Potok, Chaim;The Promise;1969;100;93
uc1.32106006269002;Potok, Chaim;My name is Asher Lev. -;Potok, Chaim;My Name Is Asher Lev;1972;100;93
mdp.39015020747013;Vonnegut, Kurt;Slapstick :  or, Lonesome no more  ;Vonnegut, Kurt;Slapstick: or, Lonesome No More!;1976;100;93
uc1.b4410359;Fowles, John;Daniel Martin  ;Fowles, John;Daniel Martin;1977;100;93
mdp.39015046449768;Krantz, Judith;Princess Daisy  ;Krantz, Judith;Princess Daisy;1980;100;93
mdp.39015046831189;Asimov, Isaac;The robots of dawn  ;Asimov, Isaac;The Robots of Dawn;1983;100;93
uc1.b4384858;L'Amour, Louis;The lonesome gods  ;L'Amour, Louis;The Lonesome Gods;1983;100;93
uc1.32106007992271;King, Stephen;Skeleton crew  ;King, Stephen;Skeleton Crew;1985;100;93
uc1.32106010438106;King, Stephen;The tommyknockers  ;King, Stephen;The Tommyknockers;1987;100;93
mdp.39015054423457;Rushdie, Salman;The satanic verses  ;Rushdie, Salman;The Satanic Verses;1989;100;93
mdp.39015029244657;Grisham, John;The pelican brief  ;Grisham, John;The Pelican Brief;1992;100;93
mdp.39015058014633;Rand, Ayn;Atlas shrugged  ;Rand, Ayn;Atlas Shrugged;1957;100;93
mdp.39015037305821;Evans, Richard Paul;The Christmas box  ;Evans, Richard Paul;The Christmas Box;1995;100;93
mdp.39015035331548;Clancy, Tom;Debt of honor  ;Clancy, Tom;Debt of Honor;1994;100;93
mdp.39015038531136;Clark, Mary Higgins;My gal Sunday  ;Clark, Mary Higgins;My Gal Sunday;1996;100;93
mdp.39015054038578;Frazier, Charles;Cold mountain  ;Frazier, Charles;Cold Mountain;1997;100;93
mdp.39015054024453;Grisham, John;The street lawyer  ;Grisham, John;The Street Lawyer;1998;100;93
mdp.39015040365788;Steel, Danielle;The long road home  ;Steel, Danielle;The Long Road Home;1998;100;93
mdp.39015039049385;Rice, Anne;The vampire Armand  ;Rice, Anne;The Vampire Armand;1998;100;93
mdp.39015058729354;Lindbergh, Anne Morrow;Dearly beloved  ;Lindbergh, Anne Morrow;Dearly Beloved;1962;100;93
mdp.39015011414011;Farnol, Jeffery;The broad highway, ;Farnol, Jeffrey;The Broad Highway;1911;93;93
uc1.32106018253754;Le Carré, John;A perfect spy  ;Le Carre, John;A Perfect Spy;1986;93;93
uc1.b3962029;Churchill, Winston, Sir;Richard Carvel, ;Churchill, Winston;Richard Carvel;1900;88;93
wu.89099773699;Churchill, Winston, Sir;A far country, ;Churchill, Winston;A Far Country;1915;88;93
mdp.39015002200320;Tomasi di Lampedusa, Giuseppe;The leopard ;di Lampedusa, Giuseppe;The Leopard;1960;86;93
uc1.b3687674;Edmonds, Walter Dumaux;Drums along the Moh;Edmonds, Walter D.;Drums Along the Mohawk;1936;85;93
uc1.b3687674;Edmonds, Walter Dumaux;Drums along the Moh;Edmonds, Walter D.;Drums Along the Mohawk;1937;85;93
mdp.39076006275957;Roberts, Kenneth Lewis;Oliver Wiswell  ;Roberts, Kenneth;Oliver Wiswell;1940;84;93
mdp.39076006275957;Roberts, Kenneth Lewis;Oliver Wiswell  ;Roberts, Kenneth;Oliver Wiswell;1941;84;93
mdp.39015037806141;Cornwell, Patricia Daniels;Cause of death  ;Cornwell, Patricia;Cause of Death;1996;82;93
mdp.39015038582691;Cornwell, Patricia Daniels;Hornet's nest  ;Cornwell, Patricia;Hornet's Nest;1997;82;93
mdp.39015049691218;Smith, Lillian Eugenia;Strange fruit, ;Smith, Lillian;Strange Fruit;1944;78;93
nyp.33433082272703;Cholmondeley, Mary;Red pottage, ;Cholmondeley, Mary;Red Pottage;1900;100;92
nyp.33433076041544;Van Dyke, Henry;The blue flower  ;van Dyke, Henry;The Blue Flower;1902;100;92
mdp.39015063946241;Page, Thomas Nelson;Gordon Keith, ;Page, Thomas Nelson;Gordon Keith;1903;100;92
uc1.b3325502;McCutcheon, George Barr;Truxton King  ;McCutcheon, George Barr;Truxton King;1909;100;92
nyp.33433082485933;Bailey, Temple;The tin soldier  ;Bailey, Temple;The Tin Soldier;1919;100;92
mdp.39015063926870;Tarkington, Booth;Gentle Julia  ;Tarkington, Booth;Gentle Julia;1922;100;92
mdp.39015002717943;Rinehart, Mary Roberts;The breaking poi;Rinehart, Mary Roberts;The Breaking Point;1922;100;92
mdp.39015002717943;Rinehart, Mary Roberts;The breaking poi;Rinehart, Mary Roberts;The Breaking Point;1923;100;92
mdp.39015005366441;Marks, Percy;The plastic age, ;Marks, Percy;The Plastic Age;1924;100;92
uc1.b4097394;Ferber, Edna;So big.;Ferber, Edna;So Big;1924;100;92
mdp.39015003681775;Galsworthy, John;The silver spoon, ;Galsworthy, John;The Silver Spoon;1926;100;92
mdp.39015061866300;Bailey, Temple;The blue window  ;Bailey, Temple;The Blue Window;1926;100;92
uc1.$b244910;Sedgwick, Anne Douglas;The old countess, ;Sedgwick, Anne Douglas;The Old Countess;1927;100;92
uc1.$b322854;Bromfield, Louis;A good woman, ;Bromfield, Louis;A Good Woman;1927;100;92
mdp.39015008361134;Lewis, Sinclair;Elmer Gantry, ;Lewis, Sinclair;Elmer Gantry;1927;100;92
mdp.39015008251194;Wilder, Thornton;The bridge of San Luis Rey... ;Wilder, Thornton;The Bridge of San Luis Rey;1928;100;92
mdp.39015000540586;Parrish, Anne;All kneeling, ;Parrish, Anne;All Kneeling;1928;100;92
uc1.$b244894;Sedgwick, Anne Douglas;Dark Hester, ;Sedgwick, Anne Douglas;Dark Hester;1929;100;92
mdp.39015013000289;Deeping, Warwick;Roper's row, ;Deeping, Warwick;Roper's Row;1929;100;92
uc1.$b74556;Baum, Vicki;"Grand hotel; ";Baum, Vicki;Grand Hotel;1931;100;92
uc1.$b245130;Tarkington, Booth;Mary's Neck, ;Tarkington, Booth;Mary's Neck;1932;100;92
mdp.39015000636095;Lewis, Sinclair;Ann Vickers  ;Lewis, Sinclair;Ann Vickers;1933;100;92
mdp.39015030727955;Chase, Mary Ellen;Mary Peters, ;Chase, Mary Ellen;Mary Peters;1934;100;92
mdp.39015003347161;Fedorova, Nina;The family ;Fedorova, Nina;The Family;1940;100;92
mdp.39015028547191;Struther, Jan;Mrs. Miniver, ;Struther, Jan;Mrs. Miniver;1940;100;92
mdp.39015024078803;Saroyan, William;The human comedy, ;Saroyan, William;The Human Comedy;1943;100;92
mdp.39015013934230;Steinbeck, John;The wayward bus  ;Steinbeck, John;The Wayward Bus;1947;100;92
pst.000032467321;Schulberg, Budd;The disenchanted  ;Schulberg, Budd;The Disenchanted;1950;100;92
mdp.39015058013270;Steinbeck, John;East of Eden  ;Steinbeck, John;East of Eden;1952;100;92
mdp.39015014862448;Yerby, Frank;Benton's Row  ;Yerby, Frank;Benton's Row;1954;100;92
inu.30000035415862;Metalious, Grace;Peyton Place  ;Metalious, Grace;Peyton Place;1956;100;92
inu.30000035415862;Metalious, Grace;Peyton Place  ;Metalious, Grace;Peyton Place;1957;100;92
mdp.39015015203519;O'Connor, Edwin;The last hurrah  ;O'Connor, Edwin;The Last Hurrah;1956;100;92
uc1.b3435081;Uris, Leon;Exodus.;Uris, Leon;Exodus;1959;100;92
mdp.39015002206376;Bellow, Saul;Herzog.;Bellow, Saul;Herzog;1964;100;92
mdp.39015002206376;Bellow, Saul;Herzog.;Bellow, Saul;Herzog;1965;100;92
mdp.39015063159456;Potok, Chaim;The chosen.;Potok, Chaim;The Chosen;1967;100;92
uc1.32106009338523;Updike, John;Rabbit redux  ;Updike, John;Rabbit Redux;1971;100;92
pst.000007426414;Hailey, Arthur;Wheels.;Hailey, Arthur;Wheels;1971;100;92
mdp.39015043787996;Forsyth, Frederick;The Odessa file  ;Forsyth, Frederick;The Odessa File;1972;100;92
mdp.39015043787996;Forsyth, Frederick;The Odessa file  ;Forsyth, Frederick;The Odessa File;1973;100;92
mdp.39015020723501;McCullough, Colleen;The thorn birds  ;McCullough, Colleen;The Thorn Birds;1977;100;92
mdp.39015031606463;Greene, Graham;The human factor  ;Greene, Graham;The Human Factor;1978;100;92
mdp.39015020693878;Heller, Joseph;Good as Gold  ;Heller, Joseph;Good as Gold;1979;100;92
pst.000032233711;L'Amour, Louis;The walking drum  ;L'Amour, Louis;The Walking Drum;1984;100;92
mdp.39015032715149;Francis, Dick;Wild horses  ;Francis, Dick;Wild Horses;1994;100;92
mdp.39015046410182;King, Stephen;Rose Madder  ;King, Stephen;Rose Madder;1995;100;92
mdp.39015034418932;Conroy, Pat;Beach music  ;Conroy, Pat;Beach Music;1995;100;92
mdp.39015038148048;King, Stephen;Desperation  ;King, Stephen;Desperation;1996;100;92
mdp.49015002950823;Steel, Danielle;Silent honor  ;Steel, Danielle;Silent Honor;1996;100;92
mdp.39015043798936;King, Stephen;Bag of bones  ;King, Stephen;Bag of Bones;1998;100;92
mdp.39015057947536;Clancy, Tom;Rainbow Six  ;Clancy, Tom;Rainbow Six;1998;100;92
mdp.39015045628396;Steel, Danielle;Mirror image  ;Steel, Danielle;Mirror Image;1998;100;92
mdp.39015063517422;Burnett, Frances (Hodgson);T. Tembarom  ;Burnett, Frances Hodgson;T. Tembarom;1913;96;92
mdp.39015063517422;Burnett, Frances (Hodgson);T. Tembarom  ;Burnett, Frances Hodgson;T. Tembarom;1914;96;92
mdp.39015004859578;Shaw, Irwin;The young lions  ;Shaw,Irwin;The Young Lions;1948;95;92
mdp.39015066047898;Nin, Anaïs;Delta of Venus :  erotica  ;Nin, Anais;Delta of Venus: Erotica;1977;90;92
nyp.33433076026198;Smith, Francis Hopkinson;Felix O'Day, ;Smith, F. Hopkinson;Felix O'Day;1915;84;92
uc1.$b245177;Walpole, Hugh, Sir;Wintersmoon, ;Walpole, Hugh;Wintersmoon;1928;84;92
mdp.39015002718461;Roberts, Kenneth Lewis;Lydia Bailey, ;Roberts, Kenneth;Lydia Bailey;1947;84;92
mdp.39015048765013;Cornwell, Patricia Daniels;Black notice  ;Cornwell, Patricia;Black Notice;1999;82;92
uc2.ark+=13960=t2697103t;Bacheller, Irving Addison;The light in the clear;Bacheller, Irving;The Light in the Clearing;1917;81;92
mdp.39015031223848;Bentley, Phyllis Eleanor;Inheritance, ;Bentley, Phyllis;Inheritance;1932;80;92
nyp.33433076081052;McCutcheon, George Barr;Jane Cable, ;McCutcheon, George Barr;Jane Cable;1906;100;91
mdp.39015063920121;Johnston, Mary;Lewis Rand  ;Johnston, Mary;Lewis Rand;1908;100;91
mdp.39015000636111;Lewis, Sinclair;Arrowsmith  ;Lewis, Sinclair;Arrowsmith;1925;100;91
mdp.39015063917689;Ertz, Susan;After noon, ;Ertz, Susan;After Noon;1926;100;91
uc1.$b802268;Parrish, Anne;To-morrow morning, ;Parrish, Anne;Tomorrow Morning;1927;100;91
yul.11345377_000_00;Deeping, Warwick;Exile ;Deeping, Warwick;Exile;1930;100;91
inu.32000006468898;Woolf, Virginia;The years ;Woolf, Virginia;The Years;1937;100;91
uc1.b4095385;Keyes, Frances Parkinson;Joy Street  ;Keyes, Frances Parkinson;Joy Street;1950;100;91
uc1.b4877325;Waltari, Mika;"The adventurer; ";Waltari, Mika;The Adventurer;1950;100;91
mdp.39015062494060;Winsor, Kathleen;Star money  ;Winsor, Kathleen;Star Money;1950;100;91
mdp.39015002725656;Ferber, Edna;Giant.;Ferber, Edna;Giant;1952;100;91
mdp.39015002725706;Ferber, Edna;Ice Palace  ;Ferber, Edna;Ice Palace;1958;100;91
uc1.32106005932378;Hailey, Arthur;Hotel.;Hailey, Arthur;Hotel;1965;100;91
pst.000027230794;Wilder, Thornton;The eighth day  ;Wilder, Thornton;The Eighth Day;1967;100;91
mdp.39015021494060;Tryon, Thomas;The other.;Tryon, Thomas;The Other;1971;100;91
mdp.39015010204876;Smith, Martin Cruz;Gorky Park  ;Smith, Martin Cruz;Gorky Park;1981;100;91
mdp.39015014519006;Uris, Leon;Mitla Pass  ;Uris, Leon;Mitla Pass;1988;100;91
mdp.39015053525567;Smith, Martin Cruz;Polar Star  ;Smith, Martin Cruz;Polar Star;1989;100;91
mdp.39015024977905;Keillor, Garrison;WLT :  a radio romance  ;Keillor, Garrison;WLT: A Radio Romance;1991;100;91
mdp.39015047518694;Steel, Danielle;Granny Dan  ;Steel, Danielle;Granny Dan;1999;100;91
uc2.ark+=13960=t5j961j1k;Smith, Francis Hopkinson;"Peter;";Smith, F. Hopkinson;Peter;1908;84;91
uc2.ark+=13960=t5j961j1k;Smith, Francis Hopkinson;"Peter;";Smith, F. Hopkinson;Peter;1909;84;91
nyp.33433074959549;Deil, Ethel May;Greatheart, ;Dell, Ethel M.;Greatheart;1918;83;91
nyp.33433076071970;Johnston, Mary;The long roll, ;Johnston, Mary;The Long Roll;1911;100;90
mdp.49015000550633;Tarkington, Booth;Seventeen  ;Tarkington, Booth;Seventeen;1916;100;90
mdp.39015064415238;Tarkington, Booth;The midlander, ;Tarkington, Booth;The Midlander;1924;100;90
mdp.39015016883731;Arlen, Michael;The green hat, ;Arlen, Michael;The Green Hat;1925;100;90
mdp.39015054194546;Ferber, Edna;Show boat, ;Ferber, Edna;Show Boat;1926;100;90
pst.000015374950;Tarkington, Booth;The plutocrat  ;Tarkington, Booth;The Plutocrat;1927;100;90
uc1.b4098089;Galsworthy, John;Swan song, ;Galsworthy, John;Swan Song;1928;100;90
uc1.b3834679;Deeping, Warwick;Old Pybus  ;Deeping, Warwick;Old Pybus;1928;100;90
mdp.39015048880846;Lewis, Sinclair;Dodsworth, ;Lewis, Sinclair;Dodsworth;1929;100;90
uc1.32106008377712;Remarque, Erich Maria;The road back. ;Remarque, Erich Maria;The Road Back;1931;100;90
mdp.39015030727997;Chase, Mary Ellen;Windswept, ;Chase, Mary Ellen;Windswept;1941;100;90
mdp.39015030727997;Chase, Mary Ellen;Windswept, ;Chase, Mary Ellen;Windswept;1942;100;90
mdp.39015050557142;Hilton, James;So well remembered ...;Hilton, James;So Well Remembered;1945;100;90
pst.000030567658;Ward, Mary Jane;The snake pit  ;Ward, Mary Jane;The Snake Pit;1946;100;90
uc1.32106013896318;Steel, Danielle;Crossings  ;Steel, Danielle;Crossings;1982;100;90
uc1.32106009833416;King, Stephen;Christine  ;King, Stephen;Christine;1983;100;90
uc1.32106011612402;King, Stephen;The dark half  ;King, Stephen;The Dark Half;1989;100;90
mdp.39015034418718;Steel, Danielle;Lightning  ;Steel, Danielle;Lightning;1995;100;90
mdp.39015054084192;Grisham, John;The testament  ;Grisham, John;The Testament;1999;100;90
mdp.39015047709533;Brooks, Terry;Star Wars, episode I :  the phantom menace  ;Brooks, Terry;Star Wars: Episode I, The Phantom Menace;1999;100;90
mdp.39015003670778;Doctorow, E. L;Loon lake  ;Doctorow, E.L.;Loon Lake;1980;93;90
inu.30000100635840;Beauvoir, Simone de;The mandarins  ;de Beauvoir, Simone;The Mandarins;1956;84;90
mdp.39015063977006;Vance, Louis Joseph;The black bag, ;Vance, Louis J.;The Black Bag;1908;82;90
njp.32101067629616;Beach, Rex;The spoilers  ;Beach, Rex;The Spoilers;1906;100;89
mdp.39015012918341;Deeping, Warwick;Doomsday, ;Deeping, Warwick;Doomsday;1927;100;89
pst.000029585229;Ferber, Edna;Cimarron  ;Ferber, Edna;Cimarron;1930;100;89
uc1.32106002139753;Rawlings, Marjorie Kinnan;"The yearling; ";Rawlings, Marjorie Kinnan;The Yearling;1938;100;89
uc1.32106002139753;Rawlings, Marjorie Kinnan;"The yearling; ";Rawlings, Marjorie Kinnan;The Yearling;1939;100;89
mdp.39015010301193;Asch, Sholem;The Nazarene, ;Asch, Sholem;The Nazarene;1939;100;89
mdp.39015010301193;Asch, Sholem;The Nazarene, ;Asch, Sholem;The Nazarene;1940;100;89
uc1.b3710829;Keyes, Frances Parkinson;The river ro;Keyes, Frances Parkinson;The River Road;1946;100;89
uc1.b3460484;Waltari, Mika;"The wanderer; ";Waltari, Mika;The Wanderer;1951;100;89
mdp.39015005769206;Stone, Irving;"The agony and the ectasy;  a";Stone, Irving;The Agony and the Ecstasy;1961;100;89
mdp.39015005769206;Stone, Irving;"The agony and the ectasy;  a";Stone, Irving;The Agony and the Ecstasy;1962;100;89
mdp.39015005674299;McKenna, Richard;The sand pebbles,  ;McKenna, Richard;The Sand Pebbles;1963;100;89
mdp.39015046412964;Benchley, Peter;Jaws.;Benchley, Peter;Jaws;1974;100;89
mdp.39015019212961;Hill, Ruth Beebe;Hanta yo  ;Hill, Ruth Beebe;Hanta Yo;1979;100;89
mdp.39015005588903;Hailey, Arthur;Overload  ;Hailey, Arthur;Overload;1979;100;89
mdp.39015007024626;Vonnegut, Kurt;Jailbird  ;Vonnegut, Kurt;Jailbird;1979;100;89
mdp.39015005778496;Vidal, Gore;Lincoln :  a novel  ;Vidal, Gore;Lincoln: A Novel;1984;100;89
mdp.39015062109155;Francis, Dick;Straight  ;Francis, Dick;Straight;1989;100;89
pst.000058051221;Steel, Danielle;Accident  ;Steel, Danielle;Accident;1994;100;89
mdp.39015036063876;Crichton, Michael;Airframe  ;Crichton, Michael;Airframe;1996;100;89
mdp.39015066087613;Morrison, Toni;Paradise  ;Morrison, Toni;Paradise;1998;100;89
mdp.39015054016384;Harris, Thomas;Hannibal  ;Harris, Thomas;Hannibal;1999;100;89
pst.000053470362;Crichton, Michael;Timeline  ;Crichton, Michael;Timeline;1999;100;89
mdp.39015065865753;Delmar, Viña;Bad girl, ;Delmar, Vina;Bad Girl;1928;92;89
mdp.39015063938792;Locke, William John;Septimus, ;Locke, William J.;Septimus;1909;89;89
mdp.39015063550324;Harrison, Henry Sydnor;V.V.'s eyes, ;Harrison, Henry Sydnor;V. V.'s Eyes;1913;100;88
nyp.33433074972435;Lewis, Sinclair;Babbitt  ;Lewis, Sinclair;Babbitt;1922;100;88
nyp.33433074972435;Lewis, Sinclair;Babbitt  ;Lewis, Sinclair;Babbitt;1923;100;88
uc1.$b298853;Grey, Zane;The call of the ca;Grey, Zane;The Call of the Canyon;1924;100;88
uc1.b4082899;Wilder, Thornton;Heaven's my destin;Wilder, Thornton;Heaven's My Destination;1935;100;88
uc1.b4368241;Asch, Sholem;The apostle, ;Asch, Sholem;The Apostle;1943;100;88
uc1.b4368241;Asch, Sholem;The apostle, ;Asch, Sholem;The Apostle;1944;100;88
pst.000061006225;Uris, Leon;Mila 18  ;Uris, Leon;Mila 18;1961;100;88
mdp.39015058785299;Hailey, Arthur;Airport  ;Hailey, Arthur;Airport;1968;100;88
mdp.39015003472480;Christie, Agatha;Curtain  ;Christie, Agatha;Curtain;1975;100;88
mdp.39015004070143;Uris, Leon;Trinity  ;Uris, Leon;Trinity;1976;100;88
uc1.b3435138;Jones, James;Whistle  ;Jones, James;Whistle;1978;100;88
pst.000029903801;Jong, Erica;Fanny :   being the true history of the adventures of Fanny Hackabout-Jones : a novel  ;Jong, Erica;Fanny, Being the True History of the Adventures of Fanny Hackabout Jones;1980;100;88
pst.000009059580;Steel, Danielle;Changes  ;Steel, Danielle;Changes;1983;100;88
mdp.49015002947092;King, Stephen;Thinner  ;King, Stephen;Thinner;1985;100;88
mdp.49015002948512;King, Stephen;Nightmares & dreamscapes  ;King, Stephen;Nightmares and Dreamscapes;1993;100;88
pst.000045463235;Grisham, John;The partner  ;Grisham, John;The Partner;1997;100;88
mdp.39015062115814;Doctorow, E. L;Ragtime  ;Doctorow, E. L.;Ragtime;1975;97;88
uc1.b4717931;Burnett, Frances (Hodgson);The shuttle  ;Burnett, Frances Hodgson;The Shuttle;1907;96;88
uc1.b4717931;Burnett, Frances (Hodgson);The shuttle  ;Burnett, Frances Hodgson;The Shuttle;1908;96;88
uc1.32106002116181;Heyward, DuBose;Mamba's daugh;Heyward, DuBose;Mamba's Daughters;1929;100;87
uc1.$b404145;Davis, Gwen;"The pretenders;  ";Davis, Gwen;The Pretenders;1969;100;87
uc2.ark+=13960=t5j961j3j;Churchill, Winston, Sir;The inside of the;Churchill, Winston;The Inside of the Cup;1913;88;87
uc2.ark+=13960=t5j961j3j;Churchill, Winston, Sir;The inside of the;Churchill, Winston;The Inside of the Cup;1914;88;87
uc2.ark+=13960=t08w39n2k;MacGrath, Harold;The puppet cr;MacGrath, Harold;The Puppet Crown;1901;100;86
uc2.ark+=13960=t0vq2t56m;Norris, Frank;"The pit;";Norris, Frank;The Pit;1903;100;86
pst.000006672539;Connor, Ralph;The doctor  ;Connor, Ralph;The Doctor;1907;100;86
nyp.33433076055148;Poole, Ernest;The harbor  ;Poole, Ernest;The Harbor;1915;100;86
uc1.$b244184;Fisher, Dorothy Canfield;The home-maker, ;Fisher, Dorothy Canfield;The Homemaker;1924;100;86
uc1.32106002017793;Thompson, Sylvia;The hounds of sp;Thompson, Sylvia;The Hounds of Spring;1926;100;86
uc1.$b101564;Ertz, Susan;The galaxy, ;Ertz, Susan;The Galaxy;1929;100;86
uc1.$b105722;Vance, Ethel;Escape  ;Vance, Ethel;Escape;1939;100;86
mdp.39015000599400;Puzo, Mario;The godfather. -;Puzo, Mario;The Godfather;1969;100;86
mdp.39015002749268;Rossner, Judith;Looking for Mr. Goodbar  ;Rossner, Judith;Looking for Mister Goodbar;1975;100;86
mdp.39076000851035;Benchley, Peter;The island  ;Benchley, Peter;The Island;1979;100;86
mdp.39015009336911;Fast, Howard;The legacy  ;Fast, Howard;The Legacy;1981;100;86
uc1.b4951443;Rossner, Judith;August  ;Rossner, Judith;August;1983;100;86
mdp.39015058013098;Grisham, John;The client  ;Grisham, John;The Client;1993;100;86
mdp.39015037485128;Steel, Danielle;Malice  ;Steel, Danielle;Malice;1996;100;86
mdp.39015047051209;Rice, Anne;Violin  ;Rice, Anne;Violin;1997;100;86
mdp.39015040577127;Evans, Richard Paul;The letter  ;Evans, Richard Paul;The Letter;1997;100;86
mdp.39015048890241;Lindbergh, Anne Morrow;"Dearly beloved;  a ";Lindbergh, Anne Morrow;Dearly Beloved;1962;100;85
mdp.39015012334739;Sedgwick, Anne Douglas;Tante, ;Sedgwick, Anne Douglas;Tante;1912;100;83
mdp.39015063549607;Connor, Ralph;The major, ;Connor, Ralph;The Major;1918;100;83
inu.30000027410699;De la Roche, Mazo;Jalna  ;de la Roche, Mazo;Jalna;1927;100;83
inu.30000027410699;De la Roche, Mazo;Jalna  ;de la Roche, Mazo;Jalna;1928;100;83
uc1.$b662372;Asch, Sholem;"Moses; ";Asch, Sholem;Moses;1951;100;83
mdp.39015010747999;McCarthy, Mary;The group  ;McCarthy, Mary;The Group;1963;100;83
mdp.39015024079280;Malamud, Bernard;The fixer  ;Malamud, Bernard;The Fixer;1966;100;83
mdp.39015005028694;King, Stephen;The stand  ;King, Stephen;The Stand;1990;100;83
mdp.49015002559228;Steel, Danielle;Daddy  ;Steel, Danielle;Daddy;1989;100;83
mdp.39015032297437;Steel, Danielle;Wings  ;Steel, Danielle;Wings;1994;100;83
mdp.39015041103303;Steel, Danielle;The ranch  ;Steel, Danielle;The Ranch;1997;100;83
mdp.39015040065842;Steel, Danielle;The ghost  ;Steel, Danielle;The Ghost;1997;100;83
miun.acm3742.0001.001;Bromfield, Louis;The rains c;Bromfield, Louis;The Rains Came;1937;100;82
miun.acm3742.0001.001;Bromfield, Louis;The rains c;Bromfield, Louis;The Rains Came;1938;100;82
mdp.39015005306348;Basso, Hamilton;The view from Pompey;Basso, Hamilton;The View from Pompey's Head;1954;100;82
mdp.39015033609358;Wright, Harold Bell;The re-creation of Brian Kent,  a novel, ;Wright, Harold Bell;The Re-Creation of Brian Kent;1919;100;81
mdp.39015033609358;Wright, Harold Bell;The re-creation of Brian Kent,  a novel, ;Wright, Harold Bell;The Re-Creation of Brian Kent;1920;100;81
uc1.b3462574;Crichton, Robert;The secret of Santa Vittoria:  a novel.;Crichton, Robert;The Secret of Santa Vittoria;1966;100;81
mdp.39015037456236;Garner, James Finn;Politically correct bedtime stories  ;Garner, James Finn;Politically Correct Holiday Stories;1995;100;81
mdp.39015062757631;Sabatini, Rafael;The sea-hawk by ;Sabatini, Rafael;The Sea-Hawk;1923;100;80
mdp.39015030710142;Rinehart, Mary Roberts;The door, ;Rinehart, Mary Roberts;The Door;1930;100;80
pst.000032254990;Bromfield, Louis;The farm  ;Bromfield, Louis;The Farm;1933;100;80
mdp.39015000615958;Asch, Sholem;"Mary; ";Asch, Sholem;Mary;1949;100;80
pst.000059006770;King, Stephen;Cujo  ;King, Stephen;Cujo;1981;100;80
pst.000058051146;Steel, Danielle;Star  ;Steel, Danielle;Star;1989;100;80
mdp.39015045679712;Evans, Nicholas;The loop  ;Evans, Nicholas;The Loop;1998;100;80
nyp.33433075761738;Farnol, Jeffery;The definite o;Farnol, Jeffrey;The Definite Object;1917;93;80
mdp.39015063923943;Lincoln, Joseph Crosby;The Portygee ...;Lincoln, Joseph C.;The Portygee;1920;85;80
wu.89100335819;King, Basil;The street called Straight:  a novel, ;King, Basil;The Street Called Straight;1912;100;79
nyp.33433074958442;Dawson, Coningsby;The kingdom round the corner--  a novel, ;Dawson, Coningsby;The Kingdom Round the Corner;1921;100;79
mdp.39015000613409;Smith, Betty;A tree grows in Brooklyn :  a novel  ;Smith, Betty;A Tree Grows in Brooklyn;1943;100;79
mdp.39015000613409;Smith, Betty;A tree grows in Brooklyn :  a novel  ;Smith, Betty;A Tree Grows in Brooklyn;1944;100;79
mdp.39015040993191;Clark, Mary Higgins;Pretend you don't see her :  a novel  ;Clark, Mary Higgins;Pretend You Don't See Her;1997;100;79
pst.000006438036;Van Dine, S. S;The Benson murder case  ;Van Dine, S. S.;The Bishop Murder Case;1929;97;79
inu.32000009050271;Bacheller, Irving Addison;A boy for the ages. ;Bacheller, Irving;A Man for the Ages;1920;81;79
uc1.32106014826249;Smith, Lillian Eugenia;Strange fruit,  a no;Smith, Lillian;Strange Fruit;1944;78;79
uc1.32106002123112;Lewis, Sinclair;Babbitt,  b;Lewis, Sinclair;Babbitt;1922;100;78
uc1.32106002123112;Lewis, Sinclair;Babbitt,  b;Lewis, Sinclair;Babbitt;1923;100;78
mdp.39015008914940;Drury, Allen;"Preserve and protect;  a novel.";Drury, Allen;Preserve and Protect;1968;100;78
mdp.39015000619281;Greene, Graham;"Travels with my aunt;  a novel.";Greene, Graham;Travels with My Aunt;1970;100;78
mdp.39015012416601;Irving, John;The world according to Garp :  a novel  ;Irving, John;The World According to Garp;1978;100;78
mdp.39015050822090;West, Morris L;The shoes of the f;West, Morris L.;The Shoes of the Fisherman;1963;97;78
uc2.ark+=13960=t0zp3wv0g;Rice, Alice Caldwell Hegan;Mrs. Wiggs of the ca;Rice, Alice Hegan;Mrs. Wiggs of the Cabbage Patch;1903;79;78
uc1.b3549031;Ward, Mary Augusta;"Lady Rose's daughter;  a novel, ";Ward, Mary Augusta;Lady Rose's Daughter;1903;100;77
uc1.$b243730;Wright, Harold Bell;"The mine with the iron door;  a romance, ";Wright, Harold Bell;The Mine with the Iron Door;1923;100;77
mdp.39015008493556;Lewis, Sinclair;"It can't happen here;  a novel, ";Lewis, Sinclair;It Can't Happen Here;1936;100;77
mdp.39015005685535;Allen, Hervey;The forest and t;Allen, Hervey;The Forest and the Fort;1943;100;77
uc1.32106006283888;Susann, Jacqueline;Valley of th;Susann, Jacqueline;Valley of the Dolls;1966;100;77
mdp.49015000983156;Huxley, Aldous;Eyeless in Gaza,  a nove;Huxley, Aldous;Eyeless in Gaza;1936;100;77
uc2.ark+=13960=t2g737p22;Rinehart, Mary Roberts;The window at the ;Rinehart, Mary Roberts;The Window at the White Cat;1910;100;76
mdp.39015030842986;Bottome, Phyllis;... Private wor;Bottome, Phyllis;Private Worlds;1934;100;76
uc1.$b146911;Wallace, Irving;"The seven minutes;  a nov";Wallace, Irving;The Seven Minutes;1969;100;76
mdp.39015002756768;Santmyer, Helen Hooven;"""---and ladies of the club""  ";Santmyer, Helen Hooven;""". . . And the Ladies of the Club""";1984;100;76
mdp.39015037434886;Clark, Mary Higgins;Moonlight becomes you :  a novel  ;Clark, Mary Higgins;Moonlight Becomes You;1996;100;76
njp.32101066122613;Harland, Henry;"My friend Prospero;  a novel, ";Harland, Henry;My Friend Prospero;1904;100;75
mdp.39015026884190;Sinclair, Upton;The jungle :  ;Sinclair, Upton;The Jungle;1906;100;75
uc1.32106010568852;Dinesen, Isak;Seven Gothic tales,  $n: by Is;Dinesen, Isak;Seven Gothic Tales;1934;100;75
inu.32000007367818;Norris, Frank;The pit. ;Norris, Frank;The Pit;1903;100;75
uc1.b4951171;Wouk, Herman;War and remembrance :  a novel  ;Wouk, Herman;War and Remembrance;1978;100;75
mdp.39015048745403;Uris, Leon;The Haj  ;Uris, Leon;The Haj;1984;100;75
nyp.33433076067218;Grey, Zane;"The man of the forest;  a novel, ";Grey, Zane;The Man of the Forest;1920;100;74
mdp.39015020716356;Yerby, Frank;The Saracen blade,  a nove;Yerby, Frank;The Saracen Blade;1952;100;74
uc1.b3435134;Drury, Allen;"Capable of honor;  a novel.";Drury, Allen;Capable of Honor;1966;100;74
uc1.32106009991503;Clark, Mary Higgins;Weep no more, my lady :  a novel  ;Clark, Mary Higgins;Weep No More My Lady;1987;100;74
uc1.$b784260;Hichens, Robert;"In the wilderness;  a novel, ";Hichens, Robert S.;In the Wilderness;1917;91;74
nyp.33433074797410;Wright, Harold Bell;When a man's a man :  a novel, ;Wright, Harold Bell;When a Man's a Man;1916;100;73
mdp.39015065540034;Grey, Zane;"The mysterious rider;  a novel, ";Grey, Zane;The Mysterious Rider;1921;100;73
uc1.32106002122734;Lee, Harper;To kill a mo;Lee, Harper;To Kill a Mockingbird;1961;100;73
mdp.39015020710847;O'Hara, John;Elizabeth Appleton :  a novel  ;O'Hara, John;Elizabeth Appleton;1963;100;73
mdp.39015011872937;Vidal, Gore;"Myra Breckenridge ; Myron  ";Vidal, Gore;Myra Breckinridge;1968;100;73
mdp.49015002379759;King, Stephen;The eyes of the dragon :  a story  ;King, Stephen;The Eyes of the Dragon;1987;100;73
mdp.39015057016175;Clark, Mary Higgins;I'll be seeing you :  a novel  ;Clark, Mary Higgins;I'll Be Seeing You;1993;100;73
mdp.39015037861633;Steel, Danielle;Five days in Paris :  a novel  ;Steel, Danielle;Five Days in Paris;1995;100;73
uc1.b3727921;Wright, Harold Bell;The eyes of the world :  a novel  ;Wright, Harold Bell;The Eyes of the World;1914;100;72
nyp.33433076072879;Webster, Henry Kitchell;The real adventure,  a novel ;Webster, Henry Kitchell;The Real Adventure;1916;100;72
mdp.39015030730850;Steen, Marguerite;The sun is my undoing :  a novel  ;Steen, Marguerite;The Sun Is My Undoing;1941;100;72
mdp.39015030730850;Steen, Marguerite;The sun is my undoing :  a novel  ;Steen, Marguerite;The Sun Is My Undoing;1942;100;72
mdp.39015000551138;O'Hara, John;Ourselves to know :  a novel  ;O'Hara, John;Ourselves To Know;1960;100;72
mdp.39015046419035;Follett, Ken;Eye of the needle :  a novel  ;Follett, Ken;Eye of the Needle;1978;100;72
mdp.39015006236957;Irving, John;The cider house rules :  a novel  ;Irving, John;Cider House Rules;1985;100;72
mdp.39015005148344;Grant, Robert;Unleavened bread :  a novel  ;Grant, Robert;Unleavened Bread;1900;100;71
uc2.ark+=13960=t01z41z3p;Wright, Harold Bell;Helen of the;Wright, Harold Bell;Helen of the Old House;1922;100;71
nyp.33433076068612;Grey, Zane;"To the last man;  a novel, ";Grey, Zane;To the Last Man;1922;100;71
mdp.39015000551310;O'Hara, John;From the terrace :  a novel  ;O'Hara, John;From the Terrace;1958;100;71
uc1.b3346998;O'Hara, John;Sermons and ;O'Hara, John;Sermons and Soda-Water;1960;100;71
uc1.b4082359;Wouk, Herman;Youngblood Hawke :  a novel  ;Wouk, Herman;Youngblood Hawke;1962;100;71
pst.000017516020;O'Hara, John;John O'Hara's Elizabeth Appleton.;O'Hara, John;Elizabeth Appleton;1963;100;71
mdp.39015052467142;Auel, Jean M;The valley of horses :  a novel  ;Auel, Jean M.;The Valley of Horses;1982;96;71
uc1.32106011199525;Le Carré, John;The spy who came in ;Le Carre, John;The Spy Who Came in from the Cold;1964;93;71
uc1.$b242981;Gibbs, Philip;Heirs apparent:  a novel, ;Gibbs, Philip;The Heirs Apparent;1924;100;70
mdp.39015063974698;White, Stewart Edward;"The silent places;  a story ";White, Stewart Edward;The Silent Places;1904;100;70
mdp.39015051424003;Kantor, MacKinlay;Anderso;Kantor, MacKinlay;Andersonville;1955;100;70
mdp.39015051424003;Kantor, MacKinlay;Anderso;Kantor, MacKinlay;Andersonville;1956;100;70
mdp.39015046829993;West, Morris L;"The Tower of Babel;  a novel, ";West, Morris L.;The Tower of Babel;1968;97;70
mdp.39015005780161;Sagan, Françoise;A certain smile :  a novel  ;Sagan, Francoise;A Certain Smile;1956;94;70
uc1.32106011861538;Walpole, Hugh, Sir;Rogue Herries,  a novel.;Walpole, Hugh;Rogue Herries;1930;84;70
uc1.b3325381;Parker, Gilbert, Sir;"The judgment house;  a novel, ";Parker, Sir Gilbert;The Judgment House;1913;77;70
inu.30000041629753;Werfel, Franz;The forty days  ;Werfel, Franz;The Forty Days of Musa Dagh;1935;100;69
mdp.39015054089407;Crichton, Michael;The great trai;Crichton, Michael;The Great Train Robbery;1975;100;69
uc1.b3834475;Farnol, Jeffery;The amateur gentleman :  a romance  ;Farnol, Jeffrey;The Amateur Gentleman;1913;93;69
uc1.b3727814;Ruark, Robert Chester;"Poor no more;  a novel.";Ruark, Robert;Poor No More;1959;76;69
mdp.49015001001198;Sabatini, Rafael;Mistress Wilding :  a romance  ;Sabatini, Rafael;Mistress Wilding;1924;100;68
wu.89099779803;Dawson, Coningsby;The coast of folly,:  a novel  ;Dawson, Coningsby;The Coast of Folly;1924;100;68
mdp.39015024078944;Styron, William;The confessions o;Styron, William;The Confessions of Nat Turner;1967;100;68
pst.000044438951;Jakes, John;California gold :   a novel  ;Jakes, John;California Gold;1989;100;68
nyp.33433074837448;Beach, Rex;"The silver horde;  a novel, ";Beach, Rex;The Silver Horde;1909;100;67
uc2.ark+=13960=t83j39v3z;Rinehart, Mary Roberts;The man in l;Rinehart, Mary Roberts;The Man in Lower Ten;1909;100;67
uc1.$b797653;Rinehart, Mary Roberts;"Lost ecstasy;  a novel, ";Rinehart, Mary Roberts;Lost Ecstasy;1927;100;67
mdp.39015030699915;Kazan, Elia;"The arrangement;  a novel.";Kazan, Elia;The Arrangement;1967;100;67
mdp.39015046834431;Potok, Chaim;"The chosen;  a n";Potok, Chaim;The Chosen;1967;100;67
inu.30000006670925;Wouk, Herman;"The winds of war;  a novel, ";Wouk, Herman;The Winds of War;1971;100;67
inu.30000006670925;Wouk, Herman;"The winds of war;  a novel, ";Wouk, Herman;The Winds of War;1972;100;67
mdp.39015000542897;Higgins, Jack;Storm warning :  a novel  ;Higgins, Jack;Storm Warning;1976;100;67
nyp.33433074809298;Dixon, Thomas;"The clansman;  a his";Dixon, Thomas Jr.;The Clansman;1905;87;67
uc1.b3322486;Hewlett, Maurice Henry;The life and death of Richard Yea-and-Nay  ;Hewlett, Maurice;Richard Yea-and-Nay;1901;84;66
nyp.33433076071947;Johnston, Mary;Sir Mortimer :  a novel  ;Johnston, Mary;Sir Mortimer;1904;100;65
mdp.39015012336312;Grey, Zane;"The U. P. trail;  a novel, ";Grey, Zane;The U. P. Trail;1918;100;65
mdp.39015050756801;Steinbeck, John;The moon is down :  a novel  ;Steinbeck, John;The Moon Is Down;1942;100;65
mdp.39015029714642;Lewis, Sinclair;Main Street & Babbitt  ;Lewis, Sinclair;Main Street;1921;100;65
mdp.39015034535867;Clark, Mary Higgins;Silent night :  a novel  ;Clark, Mary Higgins;Silent Night;1995;100;65
mdp.39015063945763;Parker, Gilbert, Sir;The right of way :  a novel  ;Parker, Gilbert;The Right of Way;1901;86;65
mdp.39015063945763;Parker, Gilbert, Sir;The right of way :  a novel  ;Parker, Gilbert;The Right of Way;1902;86;65
mdp.39015030760691;McCutcheon, George Barr;Graustark :  the st;McCutcheon, George Barr;Graustark;1901;100;64
mdp.39015007017208;Du Maurier, Daphne;Mary Anne, a novel.;du Maurier, Daphne;Mary Anne;1954;100;64
mdp.39015035016099;Garner, James Finn;Politically correct holiday stories :  for an enlightened yuletide season  ;Garner, James Finn;Politically Correct Holiday Stories;1995;100;64
mdp.39015011716555;Kim, Richard E;The martyred,  a nove;Kim, Richard E.;The Martyred;1964;97;64
mdp.39015027996860;Thurston, Katherine Cecil;The masquerader :  a novel  ;Thurston, Katherine Cecil;The Masquerader;1904;100;63
mdp.39015027996860;Thurston, Katherine Cecil;The masquerader :  a novel  ;Thurston, Katherine Cecil;The Masquerader;1905;100;63
uc1.32106005369274;Hemingway, Ernest;Across the river;Hemingway, Ernest;Across the River and into the Trees;1950;100;63
uc1.b4411041;Wilson, Sloan;The man in the gr;Wilson, Sloan;The Man in the Gray Flannel Suit;1955;100;63
mdp.39015063930195;King, Basil;"The wild olive;  a novel, ";King, Basil;The Wild Olive;1910;100;62
mdp.39015031304515;Tarkington, Booth;The plut;Tarkington, Booth;The Plutocrat;1927;100;62
mdp.39015007030904;Wallace, Irving;"The Fan Club;  a novel";Wallace, Irving;The Fan Club;1974;100;62
mdp.39015013942332;McCaffrey, Anne;The Dragonriders of Pern  ;McCaffrey, Anne;Moreta: Dragonlady of Pern;1983;100;62
mdp.39015013129807;Updike, John;The coup  ;Updike, John;Couples;1968;100;62
mdp.39015026502941;Malet, Lucas;"The history of Sir Richard Calmady;  a romance ";Malet, Lucas;Sir Richard Calmady;1902;100;61
uc1.b3710831;Keyes, Frances Parkinson;Steambo;Keyes, Frances Parkinson;Steamboat Gothic;1952;100;61
mdp.39015031307575;Weidman, Jerome;The enemy camp :  a novel  ;Weidman, Jerome;The Enemy Camp;1958;100;61
mdp.39015045637470;Vonnegut, Kurt;"Breakfast of champions;  or, Goodbye blue Monday! ";Vonnegut, Kurt;Breakfast of Champions;1973;100;61
mdp.39015068816498;Smith, Martin Cruz;Gorky Park :  a novel  ;Smith, Martin Cruz;Gorky Park;1981;100;61
uc1.32106016478502;Crichton, Michael;Disclosure :  a novel  ;Crichton, Michael;Disclosure;1994;100;61
mdp.39015034276017;Garner, James Finn;Once upon a more enlightened time :  more politically correct bedtime stories  ;Garner, James Finn;Politically Correct Bedtime Stories;1994;100;61
mdp.39015034276017;Garner, James Finn;Once upon a more enlightened time :  more politically correct bedtime stories  ;Garner, James Finn;Politically Correct Bedtime Stories;1995;100;61
mdp.39015066047674;Crichton, Michael;The lost world :  a novel  ;Crichton, Michael;The Lost World;1995;100;61
mdp.39015040577507;Cussler, Clive;Flood tide :  a novel  ;Cussler, Clive;Flood Tide;1997;100;61
miun.afb3853.0001.001;Yerby, Frank;The vixens, a nove;Yerby, Frank;The Vixens;1947;100;60
mdp.39015063975299;Van Dine, S. S;"The Greene murder case;  a Philo Vance story, ";Van Dine, S. S.;The Greene Murder Case;1928;97;60
mdp.39015063975992;Van Dine, S. S;The Bishop murder case,  a Philo Vance story, ;Van Dine, S. S.;The Bishop Murder Case;1929;97;60
mdp.39015003929844;Gibbs, Arthur Hamilton;"Soundings;  a novel, ";Gibbs, A. Hamilton;Soundings;1925;85;60
mdp.39015063545332;Curwood, James Oliver;"A gentleman of courage;  a novel of the wilderness, ";Curwood, James Oliver;A Gentleman of Courage;1924;100;59
uc1.$b787165;Monsarrat, Nicholas;The tribe that;Monsarrat, Nicholas;The Tribe That Lost Its Head;1956;100;59
uc1.b4091425;Lewis, Sinclair;Dodsworth :  a novel  ;Lewis, Sinclair;Dodsworth;1929;100;58
pst.000029585342;Ferber, Edna;Show boat :  a novel  ;Ferber, Edna;Show Boat;1926;100;58
pst.000030286917;Wolfe, Thomas;Of time and the river :  Young Faustus. Telemachus  ;Wolfe, Thomas;Of Time and the River;1935;100;58
mdp.39015055842531;Puzo, Mario;Fools die :  a novel  ;Puzo, Mario;Fools Die;1978;100;58
mdp.49015002580224;Plain, Belva;Evergreen :  a novel  ;Plain, Belva;Evergreen;1978;100;58
mdp.39015070756450;Doctorow, E. L;Loon Lake :  a novel  ;Doctorow, E.L.;Loon Lake;1980;93;58
mdp.39015032709837;Cornwell, Patricia Daniels;The body farm :  a novel  ;Cornwell, Patricial;The Body Farm;1994;84;58
miun.aee0401.0001.001;Waltari, Mika;"The Egyptian,  a novel; ";Waltari, Mika;The Egyptian;1949;100;57
miun.aee0401.0001.001;Waltari, Mika;"The Egyptian,  a novel; ";Waltari, Mika;The Egyptian;1954;100;57
nyp.33433074788005;Lincoln, Joseph Crosby;"The Portygee;  a novel, ";Lincoln, Joseph C.;The Portygee;1920;85;57
mdp.39015003870592;Steinbeck, John;The grapes of wrath :  text and criticism  ;Steinbeck, John;The Grapes of Wrath;1939;100;56
mdp.39015003870592;Steinbeck, John;The grapes of wrath :  text and criticism  ;Steinbeck, John;The Grapes of Wrath;1940;100;56
mdp.49015000999095;Loos, Anita;"""Gentlemen prefer blondes""; the illuminating diary of a professi";Loos, Anita;Gentlemen Prefer Blondes;1926;100;55
mdp.39015011604546;Stone, Irving;"Love is eternal;  a novel about Mary Tod";Stone, Irving;Love Is Eternal;1954;100;55
mdp.39015002348343;Vonnegut, Kurt;Jailbird :  a novel  ;Vonnegut, Kurt;Jailbird;1979;100;55
mdp.39015020676592;Puzo, Mario;The Sicilian :  a novel  ;Puzo, Mario;The Sicilian;1984;100;55
mdp.39015034418791;Rice, Anne;Memnoch the devil :  the vampire chronicles  ;Rice, Anne;Memnoch the Devil;1995;100;55
mdp.39015035016099;Garner, James Finn;Politically correct holiday stories :  for an enlightened yuletide season  ;Garner, James Finn;Politically Correct Bedtime Stories;1994;100;55
mdp.39015035016099;Garner, James Finn;Politically correct holiday stories :  for an enlightened yuletide season  ;Garner, James Finn;Politically Correct Bedtime Stories;1995;100;55
nyp.33433074837349;Beach, Rex;"The barrier;  a novel, ";Beach, Rex;The Barrier;1908;100;54
uva.x000491679;Grey, Zane;"The lone star ranger;  a romance of the border,";Grey, Zane;The Lone Star Ranger;1915;100;54
mdp.39015063918422;Farnol, Jeffery;"The definite object;  a romance of New York, ";Farnol, Jeffrey;The Definite Object;1917;93;54
pst.000006097677;McCutcheon, George Barr;Truxton King :  a story of Graust;McCutcheon, George Barr;Truxton King;1909;100;53
mdp.39015061868900;Caine, Hall, Sir;"The woman thou gavest me;  being the story of Mary O'Neill, ";Caine, Hall;The Woman Thou Gavest Me;1913;81;53
njp.32101063581712;King, Basil;The inner shrine :  a novel of today  ;King, Basil;The Inner Shrine;1909;100;52
nyp.33433076091655;Tarkington, Booth;The turmoil :  a novel  ;Tarkington, Booth;The Turmoil;1915;100;52
mdp.39015038888775;Sagan, Carl;Contact :  a novel  ;Sagan, Carl;Contact;1985;100;52
uc1.b3687303;Curwood, James Oliver;"The Valley of silent men;  a story of the Three river country, ";Curwood, James Oliver;The Valley of Silent Men;1921;100;51