titlemeta_ID;titlemeta_author;titlemeta_title;prize_author;prize_title;prize_date;ratio_author;ratio_title
wu.89099437782;France, Anatole;The authorized English translations of the novels and short stories of Anatole France  ;France, Anatole;#matchall;1921;100;13
uc2.ark+=13960=t12n5280j;France, Anatole;The crime of Sylvestre ;France, Anatole;#matchall;1921;100;14
mdp.39015030370020;France, Anatole;Tales from a mother-of-pearl casket, ;France, Anatole;#matchall;1921;100;26
uc2.ark+=13960=t88g8jv5k;Pontoppidan, Henrik;Emanuel;Pontoppidan, Henrik;#matchall;1917;100;38
uiuo.ark+=13960=t00z73x0f;Hamsun, Knut;Hunger;Hamsun, Knut;#matchall;1920;100;13
mdp.39015080474680;Hamsun, Knut;Slaves of Love.;Hamsun, Knut;#matchall;1920;100;17
uc2.ark+=13960=t8kd1tb25;France, Anatole;The red lily,;France, Anatole;#matchall;1921;100;22
uc2.ark+=13960=t86h4g83c;France, Anatole;Jocasta and The famished cat  ;France, Anatole;#matchall;1921;100;21
coo.31924027270325;France, Anatole;Thaïs  ;France, Anatole;#matchall;1921;100;35
uc2.ark+=13960=t9m32rz66;Deledda, Grazia;After the divorce;Deledda, Grazia;#matchall;1926;100;23
uc2.ark+=13960=t4rj49c1w;France, Anatole;The red lily (Le lys rouge);France, Anatole;#matchall;1921;100;12
uiuo.ark+=13960=t7pn91s13;Deledda, Grazia;Nostalgia;Deledda, Grazia;#matchall;1926;100;33
nyp.33433074855382;Galsworthy, John;The man of property, ;Galsworthy, John;#matchall;1932;100;23
nyp.33433074855507;Galsworthy, John;The country house  a novel ;Galsworthy, John;#matchall;1932;100;25
uva.x030832858;Galsworthy, John;The country house;Galsworthy, John;#matchall;1932;100;18
uc2.ark+=13960=t05x2b34t;Galsworthy, John;A commentary;Galsworthy, John;#matchall;1932;100;29
mdp.39015066688550;Galsworthy, John;Villa Rubein, ;Galsworthy, John;#matchall;1932;100;17
mdp.39015030370046;France, Anatole;Mother of pearl, ;France, Anatole;#matchall;1921;100;38
mdp.39015004921915;Galsworthy, John;Fraternity,;Galsworthy, John;#matchall;1932;100;20
mdp.39015012966415;France, Anatole;The well of Saint Clare  ;France, Anatole;#matchall;1921;100;27
uc2.ark+=13960=t3319z561;France, Anatole;Balthasar;France, Anatole;#matchall;1921;100;44
uc2.ark+=13960=t6057rk2h;France, Anatole;Tha??s;France, Anatole;#matchall;1921;100;40
njp.32101071989964;France, Anatole;The merrie tales of Jacques Tournebroche :  and Child life in town and country  ;France, Anatole;#matchall;1921;100;19
mdp.39015003681346;Galsworthy, John;A man of Devon, ;Galsworthy, John;#matchall;1932;100;16
nyp.33433074855374;Galsworthy, John;A motley,;Galsworthy, John;#matchall;1932;100;33
uc2.ark+=13960=t4zg6jn6q;France, Anatole;"The wicker work woman;";France, Anatole;#matchall;1921;100;15
mdp.39015030368263;France, Anatole;"The elm-tree on the mall;  a chronicle of our own times, ";France, Anatole;#matchall;1921;100;19
mdp.39015030372000;France, Anatole;Honey-bee, ;France, Anatole;#matchall;1921;100;10
mdp.49015000979592;Galsworthy, John;The patrician, ;Galsworthy, John;#matchall;1932;100;40
nyp.33433074855390;Galsworthy, John;The island Pharisees.;Galsworthy, John;#matchall;1932;100;23
njp.32101025263359;Galsworthy, John;For love of beasts.;Galsworthy, John;#matchall;1932;100;14
mdp.39015024520994;Gjellerup, Karl;The pilgrim Kaminita.  A legendary romance, ;Gjellerup, Karl;#matchall;1917;100;20
uiuo.ark+=13960=t2w37pr9k;France, Anatole;The aspirations of Jean Servien;France, Anatole;#matchall;1921;100;17
uc2.ark+=13960=t8hd7rf0c;Galsworthy, John;The Inn of tra;Galsworthy, John;#matchall;1932;100;21
uc1.31822038204699;Galsworthy, John;"The inn of tranquility;  studies and essays";Galsworthy, John;#matchall;1932;100;12
mdp.39015065936125;Galsworthy, John;The dark flower,;Galsworthy, John;#matchall;1932;100;19
uc2.ark+=13960=t1rf5nq2h;France, Anatole;My friend's book;France, Anatole;#matchall;1921;100;8
uc2.ark+=13960=t4xg9jc3h;Gjellerup, Karl;"Minna;";Gjellerup, Karl;#matchall;1917;100;27
uc2.ark+=13960=t3qv3fs8f;France, Anatole;The gods are at;France, Anatole;#matchall;1921;100;20
mdp.39015003313783;Lewis, Sinclair;"Our Mr. Wrenn;  the romant";Lewis, Sinclair;#matchall;1930;100;23
mdp.39015055223419;Hamsun, Knut;Shallow soil,;Hamsun, Knut;#matchall;1920;100;36
uc2.ark+=13960=t7sn03z1p;France, Anatole;The revolt of the angels;France, Anatole;#matchall;1921;100;28
uc2.ark+=13960=t9v12b38g;Galsworthy, John;Memories;Galsworthy, John;#matchall;1932;100;12
uc2.ark+=13960=t9q23sg7s;Lewis, Sinclair;Our Mr. Wrenn;Lewis, Sinclair;#matchall;1930;100;9
mdp.39015003681460;Galsworthy, John;The Freelands, ;Galsworthy, John;#matchall;1932;100;10
mdp.39015008171327;Lewis, Sinclair;"The trail of the hawk;  a comedy of the seriousness of life, ";Lewis, Sinclair;#matchall;1930;100;15
uc1.b3834419;Galsworthy, John;The little man, and other satires,;Galsworthy, John;#matchall;1932;100;26
mdp.39015030372364;France, Anatole;Crainquebille, Putois, Riquet, and other profitable tales  ;France, Anatole;#matchall;1921;100;18
mdp.39015067075716;France, Anatole;Works, in an English translation, ;France, Anatole;#matchall;1921;100;19
mdp.39015023133328;Mann, Thomas;Royal Highness :  a novel of German court life  ;Mann, Thomas;#matchall;1929;100;18
mdp.39015005192508;Lewis, Sinclair;"The job;  an American novel, ";Lewis, Sinclair;#matchall;1930;100;24
uc1.b4091139;Lewis, Sinclair;The innocents :  a story for lovers  ;Lewis, Sinclair;#matchall;1930;100;14
wu.89099437964;France, Anatole;Our children:  scenes from the country and the town, ;France, Anatole;#matchall;1921;100;13
nyp.33433074855325;Galsworthy, John;Five Tales, ;Galsworthy, John;#matchall;1932;100;29
njp.32101013726540;France, Anatole;The six greatest novels of Anatole France... ;France, Anatole;#matchall;1921;100;16
mdp.39015003679951;Galsworthy, John;Five tales  by John ;Galsworthy, John;#matchall;1932;100;21
uc2.ark+=13960=t71v5hr9z;Galsworthy, John;Saint's progress;Galsworthy, John;#matchall;1932;100;16
uc1.$b794703;Galsworthy, John;The burning spear,  being the experiences of Mr. John Lavender in time of war, ;Galsworthy, John;#matchall;1932;100;12
uc2.ark+=13960=t79s1wf9r;France, Anatole;The amethyst ring;France, Anatole;#matchall;1921;100;27
uc1.b3711242;Lewis, Sinclair;Free air;Lewis, Sinclair;#matchall;1930;100;12
njp.32101072859349;Gide, André;Prometheus illbound, ;Gide, André;#matchall;1947;100;33
uc2.ark+=13960=t9g450491;Galsworthy, John;Awakening;Galsworthy, John;#matchall;1932;100;22
nyp.33433074855432;Galsworthy, John;In chancery.;Galsworthy, John;#matchall;1932;100;29
uc2.ark+=13960=t05x25z6x;Lewis, Sinclair;Main street;Lewis, Sinclair;#matchall;1930;100;30
mdp.39015037368027;France, Anatole;Little Pierre, ;France, Anatole;#matchall;1921;100;17
uc2.ark+=13960=t56d5sp11;Galsworthy, John;Tatterdemalion;Galsworthy, John;#matchall;1932;100;35
uiuo.ark+=13960=t17m0741m;Hamsun, Knut;Growth of the soil;Hamsun, Knut;#matchall;1920;100;22
njp.32101013486293;Galsworthy, John;Villa Rubein :  and other stor;Galsworthy, John;#matchall;1932;100;15
uc1.$b703820;France, Anatole;The seven wives of Blu;France, Anatole;#matchall;1921;100;7
nyp.33433074855234;Galsworthy, John;To let, ;Galsworthy, John;#matchall;1932;100;24
mdp.39015005343010;Lewis, Sinclair;Main Street,  the story of Carol Kennicott, ;Lewis, Sinclair;#matchall;1930;100;23
mdp.39015004895861;Hamsun, Knut;Pan  ;Hamsun, Knut;#matchall;1920;100;14
mdp.39015030372299;France, Anatole;Count Morin, deputy,;France, Anatole;#matchall;1921;100;14
mdp.39015030027752;Hamsun, Knut;Dreamers, ;Hamsun, Knut;#matchall;1920;100;11
mdp.39015030368404;France, Anatole;Monsieur Bergeret in Paris, ;France, Anatole;#matchall;1921;100;16
uiuo.ark+=13960=t6542nd49;France, Anatole;A mummer's tale;France, Anatole;#matchall;1921;100;33
uc2.ark+=13960=t3125sq2d;France, Anatole;Marguerite;France, Anatole;#matchall;1921;100;32
uc2.ark+=13960=t17m0gv5v;Hamsun, Knut;Mothwise;Hamsun, Knut;#matchall;1920;100;35
uc2.ark+=13960=t3zs2ns43;Hamsun, Knut;Wanderers;Hamsun, Knut;#matchall;1920;100;11
mdp.49015002005891;Galsworthy, John;The works of John Gal;Galsworthy, John;#matchall;1932;100;23
uc2.ark+=13960=t6639wq6t;Deledda, Grazia;The woman & the ;Deledda, Grazia;#matchall;1926;100;38
uc2.ark+=13960=t6d21s33j;Lewis, Sinclair;Main Street;Lewis, Sinclair;#matchall;1930;100;30
uiuo.ark+=13960=t1mg7jq62;France, Anatole;At the sign of the Rei;France, Anatole;#matchall;1921;100;19
uc2.ark+=13960=t26972q3n;France, Anatole;Crainquebille;France, Anatole;#matchall;1921;100;36
wu.89099437436;France, Anatole;The works of Anatole France in an English translation  ;France, Anatole;#matchall;1921;100;20
nyp.33433074972435;Lewis, Sinclair;Babbitt  ;Lewis, Sinclair;#matchall;1930;100;22
uva.x030581232;Galsworthy, John;The Forsyte saga, ;Galsworthy, John;#matchall;1932;100;17
uc1.$b317729;France, Anatole;The Queen Pedauque ;France, Anatole;#matchall;1921;100;8
inu.32000007957246;Hamsun, Knut;Victoria  ;Hamsun, Knut;#matchall;1920;100;21
uc1.$b598496;France, Anatole;The bloom of life  ;France, Anatole;#matchall;1921;100;17
uc1.b3266981;Galsworthy, John;International thought, ;Galsworthy, John;#matchall;1932;100;25
uiuo.ark+=13960=t8cf9nn2n;Deledda, Grazia;The mother. ;Deledda, Grazia;#matchall;1926;100;35
uc1.32106007729483;Hamsun, Knut;"Victoria;  a love story. ";Hamsun, Knut;#matchall;1920;100;18
uc1.b3314117;France, Anatole;"The works of Anatole France in English; ";France, Anatole;#matchall;1921;100;18
uc1.b3834398;Galsworthy, John;Captures,;Galsworthy, John;#matchall;1932;100;22
mdp.39015030027653;Hamsun, Knut;Children of the age, ;Hamsun, Knut;#matchall;1920;100;20
uc1.$b87340;Galsworthy, John;The white monkey, ;Galsworthy, John;#matchall;1932;100;9
mdp.39015009172829;France, Anatole;"The wicker work woman; :  a chronicle of our own times,  ";France, Anatole;#matchall;1921;100;16
mdp.39015030368602;France, Anatole;On life and le;France, Anatole;#matchall;1921;100;17
uc1.$b317455;France, Anatole;The opinions of Jérôme Coignard  ;France, Anatole;#matchall;1921;100;15
uc1.$b318413;Gide, André;Strait is the gate (La porte étroite) ;Gide, André;#matchall;1947;100;21
uc1.b2886834;France, Anatole;The works of A;France, Anatole;#matchall;1921;100;11
mdp.39015003679712;Galsworthy, John;Caravan,  the;Galsworthy, John;#matchall;1932;100;27
mdp.39015000636111;Lewis, Sinclair;Arrowsmith  ;Lewis, Sinclair;#matchall;1930;100;29
mdp.39015011590885;Hamsun, Knut;Segelfoss town  ;Hamsun, Knut;#matchall;1920;100;8
mdp.39015005108645;Gide, André;The Vatican swindle (Les caves du Vatican) ;Gide, André;#matchall;1947;100;25
uc1.b4525413;France, Anatole;Little sea dogs,  and other tales of childhood, ;France, Anatole;#matchall;1921;100;21
uc1.b3834396;Galsworthy, John;The apple-tree and ;Galsworthy, John;#matchall;1932;100;25
mdp.39015047724508;Faulkner, William;Soldiers' pay, ;Faulkner, William;#matchall;1949;100;8
uc1.b3553038;Galsworthy, John;The novels, ta;Galsworthy, John;#matchall;1932;100;21
mdp.39015003681775;Galsworthy, John;The silver spoon, ;Galsworthy, John;#matchall;1932;100;9
uc1.b4091265;Lewis, Sinclair;Mantrap  ;Lewis, Sinclair;#matchall;1930;100;44
umn.31951001168128w;Hamsun, Knut;Rosa  ;Hamsun, Knut;#matchall;1920;100;13
mdp.39015003681452;Galsworthy, John;The Inn of tran;Galsworthy, John;#matchall;1932;100;20
mdp.39015008361134;Lewis, Sinclair;Elmer Gantry, ;Lewis, Sinclair;#matchall;1930;100;26
mdp.39015002256983;Undset, Sigrid;"The cross; ";Undset, Sigrid;#matchall;1928;100;12
mdp.39015002382888;Mann, Thomas;The magic mountain, ;Mann, Thomas;#matchall;1929;100;32
inu.30000041715560;Mann, Thomas;The magic mountain  <Der zauberberg> ;Mann, Thomas;#matchall;1929;100;19
uc1.b3755182;France, Anatole;Golden tales of Anatole France.;France, Anatole;#matchall;1921;100;20
uc1.b4098089;Galsworthy, John;Swan song, ;Galsworthy, John;#matchall;1932;100;10
uc1.32106001984563;Galsworthy, John;Two Forsyte interludes:  A silent wooing, ;Galsworthy, John;#matchall;1932;100;12
mdp.39015046378983;Undset, Sigrid;The bridal wreath, ;Undset, Sigrid;#matchall;1928;100;25
mdp.39015000583453;Undset, Sigrid;"The mistress of Husaby;  translated from the Norwegian of Sigrid Undset, ";Undset, Sigrid;#matchall;1928;100;13
mdp.39015010369224;Deledda, Grazia;"The mother, by Grazia Deledda; ";Deledda, Grazia;#matchall;1926;100;28
pst.000006746995;Galsworthy, John;Satires and a commentary.;Galsworthy, John;#matchall;1932;100;24
uc1.b3834407;Galsworthy, John;The first and the last, an;Galsworthy, John;#matchall;1932;100;26
uc1.b3834430;Galsworthy, John;A storic and other stories;Galsworthy, John;#matchall;1932;100;23
mdp.39015003344796;Faulkner, William;Sartoris  ;Faulkner, William;#matchall;1949;100;21
mdp.39015048880846;Lewis, Sinclair;Dodsworth, ;Lewis, Sinclair;#matchall;1930;100;20
mdp.39015030021797;Undset, Sigrid;The axe, ;Undset, Sigrid;#matchall;1928;100;14
mdp.39015030021789;Undset, Sigrid;The snake pit, ;Undset, Sigrid;#matchall;1928;100;20
inu.32000009374010;Hesse, Hermann;Steppenwolf. ;Hesse, Hermann;#matchall;1946;100;18
uc1.b4091425;Lewis, Sinclair;Dodsworth :  a novel  ;Lewis, Sinclair;#matchall;1930;100;26
uc1.$b318415;Gide, André;The school for wives, ;Gide, André;#matchall;1947;100;22
uc1.b3834519;Galsworthy, John;Three novels of love;Galsworthy, John;#matchall;1932;100;28
uc1.32106006000209;Undset, Sigrid;Kristin Lavra;Undset, Sigrid;#matchall;1928;100;18
pst.000022805287;Undset, Sigrid;In the wilderness.;Undset, Sigrid;#matchall;1928;100;22
mdp.39015003681882;Galsworthy, John;On Forsyte 'change, ;Galsworthy, John;#matchall;1932;100;28
uc1.$b157264;Mann, Thomas;Early sorrow. ;Mann, Thomas;#matchall;1929;100;17
mdp.39076006304096;Hamsun, Knut;Vagabonds  ;Hamsun, Knut;#matchall;1920;100;20
mdp.39015030021755;Undset, Sigrid;The son avenger, ;Undset, Sigrid;#matchall;1928;100;9
inu.32000003235852;Mann, Thomas;Mario and the magician  ;Mann, Thomas;#matchall;1929;100;30
inu.32000004611051;Galsworthy, John;Soames and the flag  ;Galsworthy, John;#matchall;1932;100;33
mdp.39076006301159;Mann, Thomas;"Buddenbrooks; tr";Mann, Thomas;#matchall;1929;100;8
mdp.39015003625624;Gide, André;The immoralist  ;Gide, André;#matchall;1947;100;29
inu.30000048939361;Faulkner, William;Sanctuary ;Faulkner, William;#matchall;1949;100;32
mdp.39015003345140;Faulkner, William;These 13 :  stories ;Faulkner, William;#matchall;1949;100;14
mdp.39015046349141;Faulkner, William;The sound and the fury  ;Faulkner, William;#matchall;1949;100;21
mdp.39015003681304;Galsworthy, John;Maid in waiting, ;Galsworthy, John;#matchall;1932;100;23
mdp.39015005090074;Hamsun, Knut;August. ;Hamsun, Knut;#matchall;1920;100;24
mdp.39015010832015;Undset, Sigrid;The wild orchid,;Undset, Sigrid;#matchall;1928;100;19
mdp.39015010258302;Galsworthy, John;Three novels of love.;Galsworthy, John;#matchall;1932;100;27
mdp.39015063837648;Spitteler, Carl;Prometheus and Epimetheus,  a prose epic, ;Spitteler, Carl;#matchall;1919;100;20
uc1.$b318416;Gide, André;Two symphonies, ;Gide, André;#matchall;1947;100;16
uc1.b4947831;France, Anatole;The romance of the Queen Pédauque  ;France, Anatole;#matchall;1921;100;25
mdp.39015003681486;Galsworthy, John;Flowering wilderness, ;Galsworthy, John;#matchall;1932;100;13
mdp.39015011306340;Undset, Sigrid;The burning bush, ;Undset, Sigrid;#matchall;1928;100;9
uc1.$b320050;Galsworthy, John;Worshipful soc;Galsworthy, John;#matchall;1932;100;17
mdp.39015003679761;Galsworthy, John;Three novels of love:  The dark flower, Beyond, Saint's progress.;Galsworthy, John;#matchall;1932;100;11
uc1.b3834423;Galsworthy, John;One more river, ;Galsworthy, John;#matchall;1932;100;8
mdp.39015000636095;Lewis, Sinclair;Ann Vickers  ;Lewis, Sinclair;#matchall;1930;100;18
uc1.$b236260;Galsworthy, John;Over the river, ;Galsworthy, John;#matchall;1932;100;16
uc1.b4020372;Sillanpää, Frans Eemil;"The maid Silja;  the history of the last offshoot of an old family tree, ";Sillanpää, Frans Eemil;#matchall;1939;100;18
mdp.39015003681585;Galsworthy, John;End of the chapter, ;Galsworthy, John;#matchall;1932;100;28
mdp.39015014519741;Lewis, Sinclair;Work of art.;Lewis, Sinclair;#matchall;1930;100;19
mdp.39015005162402;Hamsun, Knut;The road leads on  ;Hamsun, Knut;#matchall;1920;100;17
mdp.39015000646805;Faulkner, William;Pylon :  a novel  ;Faulkner, William;#matchall;1949;100;15
mdp.39015003681494;Galsworthy, John;Forsytes, Pendyces and others, ;Galsworthy, John;#matchall;1932;100;15
mdp.39015008493556;Lewis, Sinclair;"It can't happen here;  a novel, ";Lewis, Sinclair;#matchall;1930;100;24
uc1.32106006143595;Faulkner, William;Pylon,;Faulkner, William;#matchall;1949;100;13
uc1.32106010008610;Mann, Thomas;Young Joseph, ;Mann, Thomas;#matchall;1929;100;9
mdp.39015030021896;Undset, Sigrid;The longest years  ;Undset, Sigrid;#matchall;1928;100;17
uc1.b4091642;Lewis, Sinclair;Selected short stories of Sincl;Lewis, Sinclair;#matchall;1930;100;15
mdp.39015040129580;Faulkner, William;Absalom, absalom!  ;Faulkner, William;#matchall;1949;100;29
mdp.39015002702796;Undset, Sigrid;Gunnar's daughter  ;Undset, Sigrid;#matchall;1928;100;14
pst.000029139026;Mann, Thomas;Stories of three decades  ;Mann, Thomas;#matchall;1929;100;17
mdp.39015003343830;Faulkner, William;Mosquitoes  ;Faulkner, William;#matchall;1949;100;19
mdp.39015002703778;Undset, Sigrid;The faithful wife   ;Undset, Sigrid;#matchall;1928;100;32
mdp.49015001238956;Undset, Sigrid;Kristin Lavransdatter  ;Undset, Sigrid;#matchall;1928;100;12
uc1.b3711262;Lewis, Sinclair;The prodigal parents :  a novel  ;Lewis, Sinclair;#matchall;1930;100;21
mdp.39015011048025;Faulkner, William;The unvanquished  ;Faulkner, William;#matchall;1949;100;17
mdp.39015031405320;Undset, Sigrid;Images in a mirror, ;Undset, Sigrid;#matchall;1928;100;21
mdp.39015025046387;Mann, Thomas;Joseph in Egypt ... ;Mann, Thomas;#matchall;1929;100;7
mdp.39015003345124;Faulkner, William;The wild palms, ;Faulkner, William;#matchall;1949;100;19
mdp.39015066698385;Mann, Thomas;"Royal highness; ";Mann, Thomas;#matchall;1929;100;16
mdp.39015003742627;Mann, Thomas;"Joseph and his brothers; ";Mann, Thomas;#matchall;1929;100;18
mdp.39015002386103;Lewis, Sinclair;Bethel Merriday  ;Lewis, Sinclair;#matchall;1930;100;23
mdp.39015011539221;Mann, Thomas;The beloved returns  = Lotte in Weimar  ;Mann, Thomas;#matchall;1929;100;9
mdp.39015037062190;Hamsun, Knut;Look back on happiness  ;Hamsun, Knut;#matchall;1920;100;24
mdp.39015055252582;Undset, Sigrid;"Madame Dorthea ; ";Undset, Sigrid;#matchall;1928;100;38
mdp.39015038923598;Mann, Thomas;Stories and episodes from the novels. ;Mann, Thomas;#matchall;1929;100;17
uc1.32106013928996;Faulkner, William;The hamlet  ;Faulkner, William;#matchall;1949;100;35
mdp.39015008689393;Mann, Thomas;The transposed heads,  a legend of India, ;Mann, Thomas;#matchall;1929;100;17
pst.000029584307;Faulkner, William;Go down, Moses;Faulkner, William;#matchall;1949;100;9
uc1.32106002105440;Faulkner, William;Go down, Moses;Faulkner, William;#matchall;1949;100;9
mdp.39015008361126;Lewis, Sinclair;Gideon Planish :  a novel  ;Lewis, Sinclair;#matchall;1930;100;22
mdp.39015010823568;Gide, André;Lafadio's adventures  Les caves du Vatican ;Gide, André;#matchall;1947;100;15
uc1.b4091279;Lewis, Sinclair;Seven selected short stories  ;Lewis, Sinclair;#matchall;1930;100;10
mdp.39015003641076;Mann, Thomas;Joseph the provider, ;Mann, Thomas;#matchall;1929;100;13
mdp.39015048880945;Lewis, Sinclair;Cass Timberlane :  a novel of husbands and wives  ;Lewis, Sinclair;#matchall;1930;100;14
uc1.b3634598;Mann, Thomas;The tables of the law  ;Mann, Thomas;#matchall;1929;100;29
pst.000020858407;Undset, Sigrid;True and untrue :  and other Norse tales  ;Undset, Sigrid;#matchall;1928;100;20
uc1.32106002105242;Faulkner, William;The portable Faulkner, ;Faulkner, William;#matchall;1949;100;29
mdp.39015042861362;Undset, Sigrid;"Kristin Lavransdatter; ";Undset, Sigrid;#matchall;1928;100;12
uc1.32106019465316;Faulkner, William;The sound and the fury :  & As I lay dying  ;Faulkner, William;#matchall;1949;100;20
mdp.39015066057715;Lewis, Sinclair;Kingsblood royal  ;Lewis, Sinclair;#matchall;1930;100;15
mdp.39015009212237;Gide, André;The counterfeiters, ;Gide, André;#matchall;1947;100;8
mdp.39015054056737;Faulkner, William;Intruder in the dust  ;Faulkner, William;#matchall;1949;100;13
inu.30000005079904;Hesse, Hermann;Demian,  the story of a youth. ;Hesse, Hermann;#matchall;1946;100;25
uc1.32106013965824;Faulkner, William;Knight's gambit  ;Faulkner, William;#matchall;1949;100;15
mdp.39015005108728;Gide, André;Strait is the gate ;Gide, André;#matchall;1947;100;29
uc1.b3751967;Gide, André;Two symphonies: Isabelle and The pastoral symphony ;Gide, André;#matchall;1947;100;20
mdp.39015000689193;Faulkner, William;Collected stories  ;Faulkner, William;#matchall;1949;100;21
mdp.39015047734325;Faulkner, William;Light in August  ;Faulkner, William;#matchall;1949;100;15
mdp.39015005782803;Gide, André;The school for wives. Robert. Geneiève, or The unfinished confidence  ;Gide, André;#matchall;1947;100;8
mdp.39015010699232;Gide, André;The coiners. ;Gide, André;#matchall;1947;100;11
uc1.32106010847009;Mann, Thomas;"The Thomas Mann reader; ";Mann, Thomas;#matchall;1929;100;21
mdp.39015049502233;Faulkner, William;Collected stories of William Faulkner  ;Faulkner, William;#matchall;1949;100;12
uc1.32106002123112;Lewis, Sinclair;Babbitt,  b;Lewis, Sinclair;#matchall;1930;100;20
mdp.39015003344671;Faulkner, William;Knight's gambit :  six stories  ;Faulkner, William;#matchall;1949;100;10
mdp.39015008899414;Lewis, Sinclair;World so wide :  a novel  ;Lewis, Sinclair;#matchall;1930;100;11
mdp.39015002676131;Gide, André;"The counterfeiters;  with Journal of The counterfeiters. ";Gide, André;#matchall;1947;100;13
inu.32000007350582;Mann, Thomas;"The Holy Sinner; ";Mann, Thomas;#matchall;1929;100;18
mdp.39015003488916;Undset, Sigrid;The master of Hestviken  ;Undset, Sigrid;#matchall;1928;100;27
uc1.32106013788002;Undset, Sigrid;The mistress of Husaby  ;Undset, Sigrid;#matchall;1928;100;28
mdp.39015046349133;Faulkner, William;Requiem for a nun  ;Faulkner, William;#matchall;1949;100;14
uc1.b4445403;Faulkner, William;Mirrors of Chartres Street.;Faulkner, William;#matchall;1949;100;22
mdp.39015008672142;Gide, André;Lafcadio's adventures. ;Gide, André;#matchall;1947;100;19
mdp.49015000584293;Faulkner, William;New Orleans sketches, ;Faulkner, William;#matchall;1949;100;26
pst.000062820837;Gide, André;Lafcadios adventures :  by André Gide  ;Gide, André;#matchall;1947;100;12
mdp.39015017691224;Faulkner, William;A fable.;Faulkner, William;#matchall;1949;100;35
mdp.39015047512614;Faulkner, William;The Faulkner reader :  se;Faulkner, William;#matchall;1949;100;13
mdp.39015004005883;Mann, Thomas;"Death in Venice,  and seven other stories; ";Mann, Thomas;#matchall;1929;100;15
uc1.32106008980135;Mann, Thomas;"The black swan; ";Mann, Thomas;#matchall;1929;100;29
mdp.39076006258359;Faulkner, William;"The wild palms ; and, The old man  ";Faulkner, William;#matchall;1949;100;25
mdp.39015001687220;Faulkner, William;"Faulkner's county;  ";Faulkner, William;#matchall;1949;100;14
uc1.32106002253513;Hamsun, Knut;"Pan;  from Lieutenant Thomas Glahn'";Hamsun, Knut;#matchall;1920;100;27
mdp.39015000241391;Mann, Thomas;Stories and episodes. ;Mann, Thomas;#matchall;1929;100;13
uc1.b2793542;Faulkner, William;The best of Faulkner  ;Faulkner, William;#matchall;1949;100;22
mdp.39015005058410;Hesse, Hermann;The journey to the Eas;Hesse, Hermann;#matchall;1946;100;22
mdp.39015003343897;Faulkner, William;The town  ;Faulkner, William;#matchall;1949;100;13
mdp.39015003345157;Faulkner, William;Uncle Willy,  ;Faulkner, William;#matchall;1949;100;26
mdp.39076006257930;Faulkner, William;The collected short stories of William Faulkner  ;Faulkner, William;#matchall;1949;100;15
pst.000000033510;Faulkner, William;The Faulkner reader.;Faulkner, William;#matchall;1949;100;16
mdp.39015003343871;Faulkner, William;The mansion.;Faulkner, William;#matchall;1949;100;24
mdp.39015009202154;Undset, Sigrid;Four stories. ;Undset, Sigrid;#matchall;1928;100;9
mdp.49015002994946;Hesse, Hermann;Gertrude. ;Hesse, Hermann;#matchall;1946;100;11
mdp.39015002139965;Mann, Thomas;Stories of a lifetim;Mann, Thomas;#matchall;1929;100;21
uc1.32106014653163;Faulkner, William;Selected short s;Faulkner, William;#matchall;1949;100;16
uc1.32106009699841;Faulkner, William;Three short nove;Faulkner, William;#matchall;1949;100;16
inu.30000123932521;Faulkner, William;The reivers :  a reminiscence  ;Faulkner, William;#matchall;1949;100;11
uc1.32106002105341;Faulkner, William;As I lay dying.;Faulkner, William;#matchall;1949;100;17
pst.000001642902;Faulkner, William;Three famous short nov;Faulkner, William;#matchall;1949;100;19
mdp.39015003343814;Faulkner, William;Mosquitoes :  a novel  ;Faulkner, William;#matchall;1949;100;25
mdp.39015011515031;Gide, André;Urien's voyage ;Gide, André;#matchall;1947;100;8
mdp.39015054056430;Hesse, Hermann;Demian,  the story of;Hesse, Hermann;#matchall;1946;100;27
mdp.39015020680040;Mann, Thomas;Death in Venice. ;Mann, Thomas;#matchall;1929;100;23
mdp.39015010211210;Sillanpää, Frans Eemil;People in the summer night  = Ihmiset suviyössä : an epic suite  ;Sillanpää, Frans Eemil;#matchall;1939;100;11
pst.000005845668;Hamsun, Knut;Growth of the soil, tr. f;Hamsun, Knut;#matchall;1920;100;18
mdp.39015054070571;Hesse, Hermann;"Siddhartha; ";Hesse, Hermann;#matchall;1946;100;38
mdp.49015001238832;Hamsun, Knut;Hunger. ;Hamsun, Knut;#matchall;1920;100;12
uc1.b4375986;Hamsun, Knut;On over-grown paths. ;Hamsun, Knut;#matchall;1920;100;20
mdp.39015003679787;Galsworthy, John;The Galsworthy reader, ;Galsworthy, John;#matchall;1932;100;29
mdp.39015003744078;Hesse, Hermann;Peter Camenzind. ;Hesse, Hermann;#matchall;1946;100;23
wu.89057901589;Gide, André;The Vatican cellars  ;Gide, André;#matchall;1947;100;46
inu.32000004596575;Galsworthy, John;In chancery,  and Awakening ;Galsworthy, John;#matchall;1932;100;16
inu.32000004614279;Galsworthy, John;The man of property :  and Indian summer of a Forsyte  ;Galsworthy, John;#matchall;1932;100;13
mdp.39076005037937;Galsworthy, John;The white mon;Galsworthy, John;#matchall;1932;100;11
mdp.39015024848247;Hesse, Hermann;Rosshalde. ;Hesse, Hermann;#matchall;1946;100;30
mdp.39015008909916;Mann, Thomas;Nocturnes. ;Mann, Thomas;#matchall;1929;100;10
mdp.39015008819875;Hesse, Hermann;Knulp: three tales from the life of Knulp. ;Hesse, Hermann;#matchall;1946;100;19
mdp.39015003681387;Galsworthy, John;Jocelyn.;Galsworthy, John;#matchall;1932;100;24
mdp.39015005567352;Sillanpää, Frans Eemil;"Meek heritage;  a novel. ";Sillanpää, Frans Eemil;#matchall;1939;100;24
mdp.39015003344622;Faulkner, William;Flags in the dust  ;Faulkner, William;#matchall;1949;100;21
wu.89070976139;Hamsun, Knut;Mysteries  ;Hamsun, Knut;#matchall;1920;100;20
wu.89055736698;Undset, Sigrid;"Jenny;  a novel  ";Undset, Sigrid;#matchall;1928;100;15
pst.000060022042;Faulkner, William;Jealousy and Episode :  two stories  ;Faulkner, William;#matchall;1949;100;9
uc1.32106009365716;France, Anatole;The Gods will have blood :  (les Dieux ont soif)  ;France, Anatole;#matchall;1921;100;15
uc1.32106005808073;Hesse, Hermann;Six novels :  with other stories and essays  ;Hesse, Hermann;#matchall;1946;100;11
mdp.39015003344838;Faulkner, William;Sanctuary :  the original text  ;Faulkner, William;#matchall;1949;100;24
mdp.39015008833603;Faulkner, William;Father Abraham  ;Faulkner, William;#matchall;1949;100;32
mdp.39015012148030;Faulkner, William;Novels, 1930-1935  ;Faulkner, William;#matchall;1949;100;7
uc1.32106007217992;Faulkner, William;The Penguin collected storie;Faulkner, William;#matchall;1949;100;18
mdp.39015014616877;Faulkner, William;Light in August  ;Faulkner, William;#matchall;1949;100;15
mdp.39015066186092;Faulkner, William;Doctor Martino and other stories, holograph manuscripts and typescripts  ;Faulkner, William;#matchall;1949;100;12
mdp.39015012893981;Faulkner, William;Absalom, Absalom!, typescript setting copy and miscellaneous material  ;Faulkner, William;#matchall;1949;100;18
mdp.39015066186167;Faulkner, William;"""Unpublished"" stories, typescripts, and manuscripts  ";Faulkner, William;#matchall;1949;100;10
uc1.b4223471;Deledda, Grazia;La Madre :  (The woman and the priest), or, The mother  ;Deledda, Grazia;#matchall;1926;100;15
mdp.39015024659123;Deledda, Grazia;Cosima  ;Deledda, Grazia;#matchall;1926;100;24
mdp.39076002504426;Faulkner, William;Light in August :  the corrected text  ;Faulkner, William;#matchall;1949;100;12
mdp.39015029714642;Lewis, Sinclair;Main Street & Babbitt  ;Lewis, Sinclair;#matchall;1930;100;25
wu.89042492249;Hamsun, Knut;Night roamers and other stories  ;Hamsun, Knut;#matchall;1920;100;19
inu.30000025899661;Mann, Thomas;Confessions of Felix Krull, confidence man :  the early years  ;Mann, Thomas;#matchall;1929;100;17
uc1.32106017269629;Hesse, Hermann;Narcissus and Goldmund  ;Hesse, Hermann;#matchall;1946;100;24
uc1.32106011053425;Faulkner, William;Novels 1942-1954  ;Faulkner, William;#matchall;1949;100;7
mdp.39015032230149;Deledda, Grazia;Chiaroscuro and other stories  ;Deledda, Grazia;#matchall;1926;100;15
mdp.39015034382153;Deledda, Grazia;After the divorce  ;Deledda, Grazia;#matchall;1926;100;21
mdp.39015034429012;Deledda, Grazia;Elias Portolu  ;Deledda, Grazia;#matchall;1926;100;25
mdp.39015034518103;Hesse, Hermann;The fairy tales of Hermann Hesse  ;Hesse, Hermann;#matchall;1946;100;21
uc1.32106011112015;Hamsun, Knut;Wayfarers  ;Hamsun, Knut;#matchall;1920;100;20
uc1.32106014763186;Lewis, Sinclair;If I were boss :  the early business stories of Sinclair Lewis  ;Lewis, Sinclair;#matchall;1930;100;14
mdp.39015048770245;Mann, Thomas;Death in Venice, Tonio Kröger, and other writings  ;Mann, Thomas;#matchall;1929;100;13
mdp.49015002490366;Faulkner, William;Novels, 1957-1962  ;Faulkner, William;#matchall;1949;100;7
mdp.39015056664553;Faulkner, William;As I lay dying :  the corrected text  ;Faulkner, William;#matchall;1949;100;13
mdp.39015052652818;Hamsun, Knut;A wanderer plays on muted strings  ;Hamsun, Knut;#matchall;1920;100;14
uc1.32106016187293;Undset, Sigrid;The unknown Sigrid Undset :  Jenny and other works  ;Undset, Sigrid;#matchall;1928;100;11
mdp.39015055479847;Lewis, Sinclair;"Arrowsmith ;  Elmer Gantry ; Dodsworth  ";Lewis, Sinclair;#matchall;1930;100;16
mdp.39015058120091;Hamsun, Knut;The last joy  ;Hamsun, Knut;#matchall;1920;100;21
wu.89083198812;Pontoppidan, Henrik;The polar bear :  a portrait  ;Pontoppidan, Henrik;#matchall;1917;100;17
mdp.39015058207385;Deledda, Grazia;Ashes  ;Deledda, Grazia;#matchall;1926;100;25
mdp.39015061325083;Mann, Thomas;Six early stories  ;Mann, Thomas;#matchall;1929;100;14
uc1.32106018935491;Faulkner, William;Novels, 1926-1929  ;Faulkner, William;#matchall;1949;100;7
mdp.39015063352317;Deledda, Grazia;Marianna Sirca  ;Deledda, Grazia;#matchall;1926;100;32
mdp.39015064760872;Hesse, Hermann;Siddhartha :  an Indian poem  ;Hesse, Hermann;#matchall;1946;100;21
inu.30000095637116;Lewis, Sinclair;The short stories of Sinclair Lewis (1904-1949)  ;Lewis, Sinclair;#matchall;1930;100;15
nyp.33433076055130;Poole, Ernest;His family.;Poole, Ernest;His Family;1918;100;95
nyp.33433076080831;Tarkington, Booth;The magnificent Ambersons  ;Tarkington, Booth;The Magnificent Ambersons;1919;100;95
uc2.ark+=13960=t29883p23;Tarkington, Booth;The magnificent Ambersons;Tarkington, Booth;The Magnificent Ambersons;1919;100;100
nyp.33433076079080;Wharton, Edith;The age of innocence, ;Wharton, Edith;The Age of Innocence;1921;100;94
uc1.b3569278;Tarkington, Booth;Alice Adams.;Tarkington, Booth;Alice Adams;1922;100;96
mdp.39015008779871;Cather, Willa;One of ours ;Cather, Willa;One of Ours;1923;100;96
mdp.39015030775509;Wilson, Margaret;The able McLaughlins.;Wilson, Margaret;The Able McLaughlins;1924;100;97
uc1.b4097394;Ferber, Edna;So big.;Ferber, Edna;So Big;1925;100;92
mdp.39015000636111;Lewis, Sinclair;Arrowsmith  ;Lewis, Sinclair;Arrowsmith;1926;100;91
uc1.b3687205;Bromfield, Louis;"Early autumn;  a story of a lady, ";Bromfield, Louis;Early Autumn;1927;100;52
mdp.39015008251194;Wilder, Thornton;The bridge of San Luis Rey... ;Wilder, Thornton;The Bridge of San Luis Rey;1928;100;92
mdp.39015005332708;Barnes, Margaret Ayer;Years of grace.;Barnes, Margaret Ayer;Years of Grace;1931;100;97
uc1.$b243329;Johnson, Josephine Winslow;Now in November, ;Johnson, Josephine Winslow;Now in November;1935;100;94
mdp.39015005776847;Mitchell, Margaret;Gone with the wind  ;Mitchell, Margaret;Gone With the Wind;1937;100;95
uc1.32106002139753;Rawlings, Marjorie Kinnan;"The yearling; ";Rawlings, Marjorie Kinnan;The Yearling;1939;100;89
mdp.39015004063601;Steinbeck, John;The grapes of wrath ;Steinbeck, John;The Grapes of Wrath;1940;100;97
uc1.b4088966;Sinclair, Upton;Dragon's teeth  ;Sinclair, Upton;Dragon's Teeth;1943;100;93
uc1.$b104464;Flavin, Martin;Journey in the dark, ;Flavin, Martin;Journey in the Dark;1944;100;95
mdp.39015025036917;Hersey, John;A bell for Adano ;Hersey, John;A Bell for Adano;1945;100;97
uc1.32106002152723;Warren, Robert Penn;All the king's men,;Warren, Robert Penn;All the King's Men;1947;100;97
uc1.b4386187;Cozzens, James Gould;Guard of honor  ;Cozzens, James Gould;Guard of Honor;1949;100;93
osu.32435080841075;Bromfield, Louis;Early autumn  ;Bromfield, Louis;Early Autumn;1927;100;92
mdp.39015003870592;Steinbeck, John;The grapes of wrath :  text and criticism  ;Steinbeck, John;The Grapes of Wrath;1940;100;56
uiuo.ark+=13960=t00002z3m;Bunin, Ivan Alekseevich;The gentleman from San Francisco,  and other stories, ;Bunin, Ivan Alekseyevich;#matchall;1933;98;14
uc1.b4084477;Bunin, Ivan Alekseevich;"The village; ";Bunin, Ivan Alekseyevich;#matchall;1933;98;22
uc1.b4386988;Bunin, Ivan Alekseevich;"The dreams of Chang, and other stories;  authorized translation from the Russian of Ivan Bunin, ";Bunin, Ivan Alekseyevich;#matchall;1933;98;12
uc1.32106001599841;Bunin, Ivan Alekseevich;"The village;  authorized translation from the Russian of Ivan Bunin, ";Bunin, Ivan Alekseyevich;#matchall;1933;98;14
uc1.b4084475;Bunin, Ivan Alekseevich;Fifteen tales  ;Bunin, Ivan Alekseyevich;#matchall;1933;98;25
mdp.39015003559088;Bunin, Ivan Alekseevich;Mitya's love, ;Bunin, Ivan Alekseyevich;#matchall;1933;98;35
uc1.b4395868;Bunin, Ivan Alekseevich;Grammar of love, ;Bunin, Ivan Alekseyevich;#matchall;1933;98;23
uc1.32106006749938;Bunin, Ivan Alekseevich;The Elaghin affair and other stories ;Bunin, Ivan Alekseyevich;#matchall;1933;98;14
inu.32000002913129;Bunin, Ivan Alekseevich;Dark avenues, and other stories  ;Bunin, Ivan Alekseyevich;#matchall;1933;98;14
uc1.b4395869;Bunin, Ivan Alekseevich;Shadowed paths.  Edited by Philippa;Bunin, Ivan Alekseyevich;#matchall;1933;98;18
mdp.39015005082840;Bunin, Ivan Alekseevich;Shadowed paths and other stories. ;Bunin, Ivan Alekseyevich;#matchall;1933;98;19
mdp.39015008100367;Bunin, Ivan Alekseevich;In a far distant land :  selected stories  ;Bunin, Ivan Alekseyevich;#matchall;1933;98;19
uc1.32106005569873;Bunin, Ivan Alekseevich;Long ago :  fourteen stories  ;Bunin, Ivan Alekseyevich;#matchall;1933;98;10
mdp.39015017926208;Bunin, Ivan Alekseevich;Wolves & other love stories  ;Bunin, Ivan Alekseyevich;#matchall;1933;98;16
uc1.32106018613668;Bunin, Ivan Alekseevich;Night of denial :  stories and novellas  ;Bunin, Ivan Alekseyevich;#matchall;1933;98;20
nyp.33433074788724;Man, Thomas;"A picture of Woonsocket;  or, The truth in its nudity; ";Mann, Thomas;#matchall;1929;96;12
njp.32101067643518;Falconer, William;"Bloom and brier;  or, As I saw it, long ago. A southern romance. ";Faulkner, William;#matchall;1949;88;14
uc1.32106018278371;Buck, Paul;Spread wide  ;Buck, Pearl;#matchall;1938;86;9
pst.000019745510;Peterkin, Julia Mood;Scarlet sister Mary  ;Peterkin, Julia;Scarlet Sister Mary;1929;86;95
uc1.b4087559;La Farge, Oliver;Laughing Boy, ;Farge, Oliver La;Laughing Boy;1930;81;92
pst.000022269416;Miller, Caroline Pafford;Lamb in his bosom  ;Miller, Caroline;Lamb in His Bosom;1934;80;94