titlemeta_ID	titlemeta_author	titlemeta_title	prize_author	prize_title	prize_date	ratio_author	ratio_title	docid	year
mdp.39015005332708	Barnes, Margaret Ayer	Years of grace	Barnes, Margaret Ayer	Years of Grace	1931	100	100	mdp.39015005332708	1930
mdp.39015005305936	Barnes, Margaret Ayer	Westward passage	Barnes, Margaret Ayer	Years of Grace	1931	100	40	mdp.39015005305936	1931
uc1.$b56317	Barnes, Margaret Ayer	Within this present	Barnes, Margaret Ayer	Years of Grace	1931	100	24	uc1.$b56317	1933
mdp.39015063551983	Barnes, Margaret Ayer	Edna, his wife, an American idyll	Barnes, Margaret Ayer	Years of Grace	1931	100	34	mdp.39015063551983	1935
mdp.39015051324153	Barnes, Margaret Ayer	Wisdom's gate	Barnes, Margaret Ayer	Years of Grace	1931	100	44	mdp.39015051324153	1938
inu.32000005546637	Barnes, Margaret Campbell	My lady of Cleves, a novel	Barnes, Margaret Ayer	Years of Grace	1931	83	40	inu.32000005546637	1946
uc1.b4381232	Barnes, Margaret Campbell	Brief gaudy hour, a novel of Anne Boleyn	Barnes, Margaret Ayer	Years of Grace	1931	83	33	uc1.b4381232	1949
mdp.39015030851102	Bromfield, Louis	Possession	Bromfield, Louis	Early Autumn	1927	100	18	mdp.39015030851102	1925
uc1.b3687205	Bromfield, Louis	Early autumn; a story of a lady	Bromfield, Louis	Early Autumn	1927	100	56	uc1.b3687205	1926
uc1.$b322854	Bromfield, Louis	A good woman	Bromfield, Louis	Early Autumn	1927	100	33	uc1.$b322854	1927
uc1.b3687211	Bromfield, Louis	The strange case of Miss Annie Spragg	Bromfield, Louis	Early Autumn	1927	100	22	uc1.b3687211	1928
uc1.$b299689	Bromfield, Louis	Awake and rehearse	Bromfield, Louis	Early Autumn	1927	100	27	uc1.$b299689	1929
mdp.39015030851060	Bromfield, Louis	Twenty-four hours	Bromfield, Louis	Early Autumn	1927	100	28	mdp.39015030851060	1930
mdp.39015030851128	Bromfield, Louis	A modern hero	Bromfield, Louis	Early Autumn	1927	100	32	mdp.39015030851128	1932
uc1.$b299690	Bromfield, Louis	Here to-day and gone tomorrow	Bromfield, Louis	Early Autumn	1927	100	34	uc1.$b299690	1934
mdp.39015030851144	Bromfield, Louis	The man who had everything	Bromfield, Louis	Early Autumn	1927	100	29	mdp.39015030851144	1935
mdp.39015030851110	Bromfield, Louis	Night in Bombay	Bromfield, Louis	Early Autumn	1927	100	15	mdp.39015030851110	1940
mdp.39015030851045	Bromfield, Louis	Wild is the river	Bromfield, Louis	Early Autumn	1927	100	21	mdp.39015030851045	1941
mdp.39015001528887	Bromfield, Louis	Until the day break	Bromfield, Louis	Early Autumn	1927	100	32	mdp.39015001528887	1942
mdp.39015030851136	Bromfield, Louis	Mrs. Parkington	Bromfield, Louis	Early Autumn	1927	100	37	mdp.39015030851136	1943
uc1.b3687213	Bromfield, Louis	What became of Anna Bolton	Bromfield, Louis	Early Autumn	1927	100	32	uc1.b3687213	1944
mdp.39015005686384	Bromfield, Louis	The world we live in;	Bromfield, Louis	Early Autumn	1927	100	28	mdp.39015005686384	1944
uc1.$b86144	Bromfield, Louis	The Wild Country, a novel	Bromfield, Louis	Early Autumn	1927	100	30	uc1.$b86144	1948
uc1.32106001599841	Bunin, Ivan Alekseevich	The village; authorized translation from the Russian of Ivan Bun	Bunin, Ivan Alekseyevich	#matchall	1933	98	14	uc1.32106001599841	1923
uc1.b4386988	Bunin, Ivan Alekseevich	The dreams of Chang, and other stories; authorized translation f	Bunin, Ivan Alekseyevich	#matchall	1933	98	17	uc1.b4386988	1923
uiuo.ark+=13960=t00002z3m	Bunin, Ivan Alekseevich	The gentleman from San Francisco, and other stories	Bunin, Ivan Alekseyevich	#matchall	1933	98	14	uiuo.ark+=13960=t00002z3m	1923
mdp.39015003559088	Bunin, Ivan Alekseevich	Mitya's love	Bunin, Ivan Alekseyevich	#matchall	1933	98	38	mdp.39015003559088	1926
uc1.b4395868	Bunin, Ivan Alekseevich	Grammar of love	Bunin, Ivan Alekseyevich	#matchall	1933	98	25	uc1.b4395868	1934
uc1.32106006749938	Bunin, Ivan Alekseevich	The Elaghin affair and other stories	Bunin, Ivan Alekseyevich	#matchall	1933	98	15	uc1.32106006749938	1935
uc2.ark+=13960=t78s4kj2t	Cather, Willa	Youth and the bright Medusa	Cather, Willa	One of Ours	1923	100	37	uc2.ark+=13960=t78s4kj2t	1920
mdp.39015008779871	Cather, Willa	One of ours	Cather, Willa	One of Ours	1923	100	100	mdp.39015008779871	1922
mdp.39015019187809	Cather, Willa	A lost lady	Cather, Willa	One of Ours	1923	100	27	mdp.39015019187809	1923
mdp.39015004288455	Cather, Willa	The professor's house	Cather, Willa	One of Ours	1923	100	50	mdp.39015004288455	1925
mdp.39015005083418	Cather, Willa	My mortal enemy	Cather, Willa	One of Ours	1923	100	23	mdp.39015005083418	1926
mdp.39015002309139	Cather, Willa	Death comes for the archbishop	Cather, Willa	One of Ours	1923	100	34	mdp.39015002309139	1927
mdp.39015030728516	Cather, Willa	Shadows on the rock	Cather, Willa	One of Ours	1923	100	33	mdp.39015030728516	1931
mdp.39015008265236	Cather, Willa	Obscure destinies	Cather, Willa	One of Ours	1923	100	29	mdp.39015008265236	1932
mdp.39015048708559	Cather, Willa	"December night; a scene from Willa Cather's novel, ""Death comes "	Cather, Willa	One of Ours	1923	100	19	mdp.39015048708559	1933
mdp.39015019073975	Cather, Willa	Lucy Gayheart	Cather, Willa	One of Ours	1923	100	17	mdp.39015019073975	1935
mdp.39015006586633	Cather, Willa	The old beauty, and others	Cather, Willa	One of Ours	1923	100	42	mdp.39015006586633	1947
uc1.b3688409	Cozzens, James Gould	Confusion : a novel	Cozzens, James Gould	Guard of Honor	1949	100	30	uc1.b3688409	1924
mdp.39015030741485	Cozzens, James Gould	Michael Scarlett, a history	Cozzens, James Gould	Guard of Honor	1949	100	34	mdp.39015030741485	1925
uc1.b3688116	Cozzens, James Gould	Cock pit	Cozzens, James Gould	Guard of Honor	1949	100	18	uc1.b3688116	1928
uc1.b3687282	Cozzens, James Gould	The son of perdition	Cozzens, James Gould	Guard of Honor	1949	100	40	uc1.b3687282	1929
mdp.39015030741469	Cozzens, James Gould	S. S. San Pedro	Cozzens, James Gould	Guard of Honor	1949	100	28	mdp.39015030741469	1931
uc1.b4089439	Cozzens, James Gould	Castaway	Cozzens, James Gould	Guard of Honor	1949	100	9	uc1.b4089439	1934
mdp.39015066288138	Cozzens, James Gould	Men and brethren	Cozzens, James Gould	Guard of Honor	1949	100	33	mdp.39015066288138	1936
uc1.b3688113	Cozzens, James Gould	Ask me tomorrow	Cozzens, James Gould	Guard of Honor	1949	100	41	uc1.b3688113	1940
mdp.39015066054035	Cozzens, James Gould	The just and the unjust	Cozzens, James Gould	Guard of Honor	1949	100	36	mdp.39015066054035	1942
uc1.b4386187	Cozzens, James Gould	Guard of honor	Cozzens, James Gould	Guard of Honor	1949	100	100	uc1.b4386187	1948
uc1.b3687467	Erskine, John	The private life of Helen of Troy	Hersey, John	A Bell for Adano	1945	80	36	uc1.b3687467	1925
mdp.39015063914587	Erskine, John	Adam and Eve; though he knew better	Hersey, John	A Bell for Adano	1945	80	27	mdp.39015063914587	1927
uc1.b3687466	Erskine, John	Penelope's man, the homing instinct	Hersey, John	A Bell for Adano	1945	80	27	uc1.b3687466	1928
uc1.b3687468	Erskine, John	Sincerity, a story of our time	Hersey, John	A Bell for Adano	1945	80	30	uc1.b3687468	1929
uc1.b3687470	Erskine, John	Uncle Sam in the eyes of his family : a novel	Hersey, John	A Bell for Adano	1945	80	33	uc1.b3687470	1930
uc1.b3346885	Erskine, John	Tristan and Isolde, restoring Palamede	Hersey, John	A Bell for Adano	1945	80	33	uc1.b3346885	1932
mdp.39015031233664	Erskine, John	Solomon, my son!	Hersey, John	A Bell for Adano	1945	80	25	mdp.39015031233664	1935
mdp.39015003343822	Erskine, John	The brief hour of FranÃƒÂ§ois Villon	Hersey, John	A Bell for Adano	1945	80	38	mdp.39015003343822	1937
uc1.$b100216	Erskine, John	The start of the road, a novel	Hersey, John	A Bell for Adano	1945	80	48	uc1.$b100216	1938
mdp.39015031233615	Erskine, John	Give me liberty; the story of an innocent bystander	Hersey, John	A Bell for Adano	1945	80	30	mdp.39015031233615	1940
uc1.$b100214	Erskine, John	Mrs. Doratt, a novel	Hersey, John	A Bell for Adano	1945	80	39	uc1.$b100214	1941
uc1.b3687462	Erskine, John	Casanova's women, eleven moments of a year	Hersey, John	A Bell for Adano	1945	80	31	uc1.b3687462	1941
mdp.39015047724508	Faulkner, William	Soldiers' pay	Faulkner, William	#matchall	1949	100	9	mdp.39015047724508	1926
mdp.39015003343830	Faulkner, William	Mosquitoes	Faulkner, William	#matchall	1949	100	21	mdp.39015003343830	1927
mdp.39015046349141	Faulkner, William	The sound and the fury	Faulkner, William	#matchall	1949	100	22	mdp.39015046349141	1929
mdp.39015003344796	Faulkner, William	Sartoris	Faulkner, William	#matchall	1949	100	24	mdp.39015003344796	1929
uc1.32106002105341	Faulkner, William	As I lay dying	Faulkner, William	#matchall	1949	100	17	uc1.32106002105341	1930
pst.000001642902	Faulkner, William	Three famous short novels	Faulkner, William	#matchall	1949	100	24	pst.000001642902	1931
inu.30000048939361	Faulkner, William	Sanctuary	Faulkner, William	#matchall	1949	100	33	inu.30000048939361	1931
mdp.39015047734325	Faulkner, William	Light in August	Faulkner, William	#matchall	1949	100	17	mdp.39015047734325	1932
mdp.39015011048025	Faulkner, William	The unvanquished	Faulkner, William	#matchall	1949	100	19	mdp.39015011048025	1934
mdp.39076006257948	Faulkner, William	Dr. Martino and other stories	Faulkner, William	#matchall	1949	100	21	mdp.39076006257948	1934
mdp.39015066186092	Faulkner, William	Doctor Martino and other stories, holograph manuscripts and type	Faulkner, William	#matchall	1949	100	14	mdp.39015066186092	1934
mdp.39015040129580	Faulkner, William	Absalom, absalom!	Faulkner, William	#matchall	1949	100	31	mdp.39015040129580	1936
mdp.39015003345124	Faulkner, William	The wild palms	Faulkner, William	#matchall	1949	100	21	mdp.39015003345124	1939
uc1.32106013928996	Faulkner, William	The hamlet	Faulkner, William	#matchall	1949	100	40	uc1.32106013928996	1940
uc1.32106002105440	Faulkner, William	Go down, Moses	Faulkner, William	#matchall	1949	100	9	uc1.32106002105440	1942
uc1.32106002105242	Faulkner, William	The portable Faulkner	Faulkner, William	#matchall	1949	100	31	uc1.32106002105242	1946
mdp.39015054056737	Faulkner, William	Intruder in the dust	Faulkner, William	#matchall	1949	100	14	mdp.39015054056737	1948
uc1.32106013965824	Faulkner, William	Knight's gambit	Faulkner, William	#matchall	1949	100	17	uc1.32106013965824	1949
pst.000029585403	Ferber, Edna	So-Big : a novel	Ferber, Edna	So Big	1925	100	45	pst.000029585403	1924
mdp.39015054194546	Ferber, Edna	Show boat	Ferber, Edna	So Big	1925	100	53	mdp.39015054194546	1926
mdp.39015002725441	Ferber, Edna	Mother knows best; a fiction book	Ferber, Edna	So Big	1925	100	21	mdp.39015002725441	1927
pst.000029585229	Ferber, Edna	Cimarron	Ferber, Edna	So Big	1925	100	14	pst.000029585229	1930
mdp.39015003345298	Ferber, Edna	American beauty	Ferber, Edna	So Big	1925	100	19	mdp.39015003345298	1931
uc1.$b104361	Ferber, Edna	They brought their women : a book of short stories	Ferber, Edna	So Big	1925	100	14	uc1.$b104361	1933
mdp.39015002725615	Ferber, Edna	Come and get it	Ferber, Edna	So Big	1925	100	29	mdp.39015002725615	1935
mdp.39015002725466	Ferber, Edna	Nobody's in town	Ferber, Edna	So Big	1925	100	27	mdp.39015002725466	1938
uc1.b4097393	Ferber, Edna	Saratoga trunk	Ferber, Edna	So Big	1925	100	30	uc1.b4097393	1941
mdp.39015002725680	Ferber, Edna	Great son	Ferber, Edna	So Big	1925	100	27	mdp.39015002725680	1945
uc1.b4445429	Ferber, Edna	One basket; thirty-one short stories	Ferber, Edna	So Big	1925	100	19	uc1.b4445429	1947
uc1.b3687796	Flavin, Martin	Mr. Littlejohn	Flavin, Martin	Journey in the Dark	1944	100	30	uc1.b3687796	1940
uc1.$b104464	Flavin, Martin	Journey in the dark	Flavin, Martin	Journey in the Dark	1944	100	100	uc1.$b104464	1943
uc1.$b104463	Flavin, Martin	The enchanted	Flavin, Martin	Journey in the Dark	1944	100	36	uc1.$b104463	1947
uc1.b3314123	France, Anatole	On life & letters: first series	France, Anatole	#matchall	1921	100	10	uc1.b3314123	1923
uc1.$b598496	France, Anatole	The bloom of life	France, Anatole	#matchall	1921	100	18	uc1.$b598496	1923
uc2.ark+=13960=t71v5hr9z	Galsworthy, John	Saint's progress	Galsworthy, John	#matchall	1932	100	16	uc2.ark+=13960=t71v5hr9z	1919
uc1.b3834398	Galsworthy, John	Captures	Galsworthy, John	#matchall	1932	100	24	uc1.b3834398	1923
uc1.$b87340	Galsworthy, John	The white monkey	Galsworthy, John	#matchall	1932	100	10	uc1.$b87340	1924
mdp.39076005036954	Galsworthy, John	A modern comedy	Galsworthy, John	#matchall	1932	100	17	mdp.39076005036954	1926
mdp.39015003681775	Galsworthy, John	The silver spoon	Galsworthy, John	#matchall	1932	100	10	mdp.39015003681775	1926
uc1.32106001984563	Galsworthy, John	Two Forsyte interludes: A silent wooing	Galsworthy, John	#matchall	1932	100	12	uc1.32106001984563	1928
uc1.b4098089	Galsworthy, John	Swan song	Galsworthy, John	#matchall	1932	100	11	uc1.b4098089	1928
inu.32000004611051	Galsworthy, John	Soames and the flag	Galsworthy, John	#matchall	1932	100	36	inu.32000004611051	1930
mdp.39015003681882	Galsworthy, John	On Forsyte 'change	Galsworthy, John	#matchall	1932	100	30	mdp.39015003681882	1930
mdp.39015003681304	Galsworthy, John	Maid in waiting	Galsworthy, John	#matchall	1932	100	25	mdp.39015003681304	1931
mdp.39015003681486	Galsworthy, John	Flowering wilderness	Galsworthy, John	#matchall	1932	100	14	mdp.39015003681486	1932
uc1.$b236260	Galsworthy, John	Over the river	Galsworthy, John	#matchall	1932	100	17	uc1.$b236260	1933
uc1.b3834423	Galsworthy, John	One more river	Galsworthy, John	#matchall	1932	100	9	uc1.b3834423	1933
mdp.39015003681494	Galsworthy, John	Forsytes, Pendyces and others	Galsworthy, John	#matchall	1932	100	16	mdp.39015003681494	1933
inu.32000007957246	Hamsun, Knut	Victoria	Hamsun, Knut	#matchall	1920	100	24	inu.32000007957246	1923
mdp.39015011590885	Hamsun, Knut	Segelfoss town	Hamsun, Knut	#matchall	1920	100	9	mdp.39015011590885	1925
mdp.39076006304096	Hamsun, Knut	Vagabonds	Hamsun, Knut	#matchall	1920	100	22	mdp.39076006304096	1930
mdp.39015005718278	Hersey, John	Into the valley; a skirmish of the marines	Hersey, John	A Bell for Adano	1945	100	31	mdp.39015005718278	1943
mdp.39015025036917	Hersey, John	A bell for Adano	Hersey, John	A Bell for Adano	1945	100	100	mdp.39015025036917	1944
inu.32000009374010	Hesse, Hermann	Steppenwolf	Hesse, Hermann	#matchall	1946	100	20	inu.32000009374010	1929
inu.30000005079904	Hesse, Hermann	Demian, the story of a youth	Hesse, Hermann	#matchall	1946	100	27	inu.30000005079904	1948
mdp.39015003744078	Hesse, Hermann	Peter Camenzind	Hesse, Hermann	#matchall	1946	100	25	mdp.39015003744078	1950
uc1.$b243329	Johnson, Josephine Winslow	Now in November	Johnson, Josephine Winslow	Now in November	1935	100	100	uc1.$b243329	1934
mdp.39015001619207	Johnson, Josephine Winslow	Winter orchard, and other stories	Johnson, Josephine Winslow	Now in November	1935	100	33	mdp.39015001619207	1935
uc1.$b243817	Johnson, Josephine Winslow	Jordanstown : a novel	Johnson, Josephine Winslow	Now in November	1935	100	50	uc1.$b243817	1937
mdp.39015013105476	Johnson, Josephine Winslow	Wildwood	Johnson, Josephine Winslow	Now in November	1935	100	26	mdp.39015013105476	1946
uc1.b4087559	La Farge, Oliver	Laughing Boy	Farge, Oliver La	Laughing Boy	1930	81	100	uc1.b4087559	1929
mdp.39015030700168	La Farge, Oliver	Sparks fly upward, a novel	Farge, Oliver La	Laughing Boy	1930	81	21	mdp.39015030700168	1931
uc1.$b103865	La Farge, Oliver	Long pennant, a novel	Farge, Oliver La	Laughing Boy	1930	81	30	uc1.$b103865	1933
uc1.32106002121884	La Farge, Oliver	All the young men; stories	Farge, Oliver La	Laughing Boy	1930	81	32	uc1.32106002121884	1935
mdp.39015014176641	La Farge, Oliver	The enemy gods	Farge, Oliver La	Laughing Boy	1930	81	27	mdp.39015014176641	1937
mdp.39015048883758	Lane, Margaret	At last the island	Wilson, Margaret	The Able McLaughlins	1924	80	41	mdp.39015048883758	1937
mdp.39015048883741	Lane, Margaret	Where Helen lies	Wilson, Margaret	The Able McLaughlins	1924	80	38	mdp.39015048883741	1944
uc1.$b536436	Lavin, Mary	Tales from Bective Bridge	Flavin, Martin	Journey in the Dark	1944	80	32	uc1.$b536436	1942
uc1.b4393840	Lavin, Mary	The house in Clewe Street	Flavin, Martin	Journey in the Dark	1944	80	50	uc1.b4393840	1945
uc1.$b106101	Lavin, Mary	At Sallygap	Flavin, Martin	Journey in the Dark	1944	80	20	uc1.$b106101	1947
mdp.39015000631294	Lavin, Mary	Mary O'Grady	Flavin, Martin	Journey in the Dark	1944	80	26	mdp.39015000631294	1950
uc2.ark+=13960=t05x25z6x	Lewis, Sinclair	Main street	Lewis, Sinclair	Arrowsmith	1926	100	29	uc2.ark+=13960=t05x25z6x	1920
uc2.ark+=13960=t05x25z6x	Lewis, Sinclair	Main street	Lewis, Sinclair	#matchall	1930	100	30	uc2.ark+=13960=t05x25z6x	1920
mdp.39015000636111	Lewis, Sinclair	Arrowsmith	Lewis, Sinclair	Arrowsmith	1926	100	100	mdp.39015000636111	1925
mdp.39015000636111	Lewis, Sinclair	Arrowsmith	Lewis, Sinclair	#matchall	1930	100	32	mdp.39015000636111	1925
uc1.b4091265	Lewis, Sinclair	Mantrap	Lewis, Sinclair	Arrowsmith	1926	100	24	uc1.b4091265	1926
uc1.b4091265	Lewis, Sinclair	Mantrap	Lewis, Sinclair	#matchall	1930	100	50	uc1.b4091265	1926
mdp.39015008361134	Lewis, Sinclair	Elmer Gantry	Lewis, Sinclair	Arrowsmith	1926	100	18	mdp.39015008361134	1927
mdp.39015008361134	Lewis, Sinclair	Elmer Gantry	Lewis, Sinclair	#matchall	1930	100	29	mdp.39015008361134	1927
mdp.39015048880846	Lewis, Sinclair	Dodsworth	Lewis, Sinclair	Arrowsmith	1926	100	42	mdp.39015048880846	1929
mdp.39015048880846	Lewis, Sinclair	Dodsworth	Lewis, Sinclair	#matchall	1930	100	22	mdp.39015048880846	1929
mdp.39015000636095	Lewis, Sinclair	Ann Vickers	Lewis, Sinclair	Arrowsmith	1926	100	29	mdp.39015000636095	1933
mdp.39015000636095	Lewis, Sinclair	Ann Vickers	Lewis, Sinclair	#matchall	1930	100	20	mdp.39015000636095	1933
mdp.39015008493556	Lewis, Sinclair	It can't happen here; a novel	Lewis, Sinclair	Arrowsmith	1926	100	15	mdp.39015008493556	1935
mdp.39015008493556	Lewis, Sinclair	It can't happen here; a novel	Lewis, Sinclair	#matchall	1930	100	26	mdp.39015008493556	1935
uc1.b3711262	Lewis, Sinclair	The prodigal parents : a novel	Lewis, Sinclair	Arrowsmith	1926	100	22	uc1.b3711262	1938
uc1.b3711262	Lewis, Sinclair	The prodigal parents : a novel	Lewis, Sinclair	#matchall	1930	100	23	uc1.b3711262	1938
mdp.39015002386103	Lewis, Sinclair	Bethel Merriday	Lewis, Sinclair	Arrowsmith	1926	100	24	mdp.39015002386103	1940
mdp.39015002386103	Lewis, Sinclair	Bethel Merriday	Lewis, Sinclair	#matchall	1930	100	25	mdp.39015002386103	1940
mdp.39015008361126	Lewis, Sinclair	Gideon Planish : a novel	Lewis, Sinclair	Arrowsmith	1926	100	18	mdp.39015008361126	1943
mdp.39015008361126	Lewis, Sinclair	Gideon Planish : a novel	Lewis, Sinclair	#matchall	1930	100	24	mdp.39015008361126	1943
mdp.39015048880945	Lewis, Sinclair	Cass Timberlane : a novel of husbands and wives	Lewis, Sinclair	Arrowsmith	1926	100	18	mdp.39015048880945	1945
mdp.39015048880945	Lewis, Sinclair	Cass Timberlane : a novel of husbands and wives	Lewis, Sinclair	#matchall	1930	100	14	mdp.39015048880945	1945
mdp.39015066057715	Lewis, Sinclair	Kingsblood royal	Lewis, Sinclair	Arrowsmith	1926	100	15	mdp.39015066057715	1947
mdp.39015066057715	Lewis, Sinclair	Kingsblood royal	Lewis, Sinclair	#matchall	1930	100	16	mdp.39015066057715	1947
mdp.39015005607828	Lewis, Sinclair	The God-seeker	Lewis, Sinclair	Arrowsmith	1926	100	20	mdp.39015005607828	1949
mdp.39015020680040	Mann, Thomas	Death in Venice	Mann, Thomas	#matchall	1929	100	25	mdp.39015020680040	1924
inu.30000041715560	Mann, Thomas	The magic mountain <Der zauberberg>	Mann, Thomas	#matchall	1929	100	20	inu.30000041715560	1927
inu.32000003235852	Mann, Thomas	Mario and the magician	Mann, Thomas	#matchall	1929	100	32	inu.32000003235852	1930
mdp.39015003742627	Mann, Thomas	Joseph and his brothers;	Mann, Thomas	#matchall	1929	100	18	mdp.39015003742627	1933
uc1.32106010008610	Mann, Thomas	Young Joseph	Mann, Thomas	#matchall	1929	100	10	uc1.32106010008610	1935
pst.000029139026	Mann, Thomas	Stories of three decades	Mann, Thomas	#matchall	1929	100	18	pst.000029139026	1936
mdp.39015032991039	Mann, Thomas	Joseph in Egypt	Mann, Thomas	#matchall	1929	100	8	mdp.39015032991039	1938
mdp.39015003641076	Mann, Thomas	Joseph the provider	Mann, Thomas	#matchall	1929	100	14	mdp.39015003641076	1944
uc1.b3634598	Mann, Thomas	The tables of the law	Mann, Thomas	#matchall	1929	100	31	uc1.b3634598	1945
wu.89100300524	Manners, William	Father and the angels	Faulkner, William	#matchall	1949	79	33	wu.89100300524	1947
uc1.$b101744	Manners, William	One is a lonesome number	Faulkner, William	#matchall	1949	79	12	uc1.$b101744	1950
mdp.39015062473205	Marquand, John P. (John Phillips)	The unspeakable gentleman	Marquand, John Phillips	The Late George Apley	1938	82	37	mdp.39015062473205	1922
uc1.$b242676	Marquand, John P. (John Phillips)	Four of a kind	Marquand, John Phillips	The Late George Apley	1938	82	26	uc1.$b242676	1923
mdp.39015008963723	Marquand, John P. (John Phillips)	The black cargo	Marquand, John Phillips	The Late George Apley	1938	82	36	mdp.39015008963723	1925
uc1.$b242662	Marquand, John P. (John Phillips)	Warning Hill	Marquand, John Phillips	The Late George Apley	1938	82	34	uc1.$b242662	1930
inu.30000114426327	Marquand, John P. (John Phillips)	Haven's end	Marquand, John Phillips	The Late George Apley	1938	82	29	inu.30000114426327	1933
uc1.$b242663	Marquand, John P. (John Phillips)	Thank You, Mr. Moto	Marquand, John Phillips	The Late George Apley	1938	82	28	uc1.$b242663	1936
osu.32435012836037	Marquand, John P. (John Phillips)	Think fast, Mr. Moto	Marquand, John Phillips	The Late George Apley	1938	82	27	osu.32435012836037	1937
uc1.$b242669	Marquand, John P. (John Phillips)	Mr. Moto is so sorry	Marquand, John Phillips	The Late George Apley	1938	82	27	uc1.$b242669	1938
uc1.b3710903	Marquand, John P. (John Phillips)	Wickford Point	Marquand, John Phillips	The Late George Apley	1938	82	26	uc1.b3710903	1939
uc1.$b102235	Marquand, John P. (John Phillips)	H.M. Pulham, esquire	Marquand, John Phillips	The Late George Apley	1938	82	32	uc1.$b102235	1941
uc1.$b242673	Marquand, John P. (John Phillips)	Last laugh, Mr. Moto	Marquand, John Phillips	The Late George Apley	1938	82	38	uc1.$b242673	1942
mdp.39015048901733	Marquand, John P. (John Phillips)	So little time	Marquand, John Phillips	The Late George Apley	1938	82	32	mdp.39015048901733	1943
mdp.39015002135617	Millar, Margaret	Fire will freeze	Mitchell, Margaret	Gone With the Wind	1937	82	35	mdp.39015002135617	1944
mdp.39015030760931	Millar, Margaret	Do evil in return	Mitchell, Margaret	Gone With the Wind	1937	82	40	mdp.39015030760931	1950
uc1.$b106348	Miller, Merle	Island 49	Miller, Caroline	Lamb in His Bosom	1934	76	31	uc1.$b106348	1945
mdp.39015037774505	Miller, Merle	The sure thing	Miller, Caroline	Lamb in His Bosom	1934	76	22	mdp.39015037774505	1949
mdp.39015005776847	Mitchell, Margaret	Gone with the wind	Mitchell, Margaret	Gone With the Wind	1937	100	100	mdp.39015005776847	1936
mdp.39015000544778	Peterkin, Julia Mood	Green Thursday; stories	Peterkin, Julia	Scarlet Sister Mary	1929	86	33	mdp.39015000544778	1924
uc1.b4390692	Peterkin, Julia Mood	Black April; a novel	Peterkin, Julia	Scarlet Sister Mary	1929	86	31	uc1.b4390692	1927
pst.000019745510	Peterkin, Julia Mood	Scarlet sister Mary	Peterkin, Julia	Scarlet Sister Mary	1929	86	100	pst.000019745510	1928
pst.000005632824	Peterkin, Julia Mood	Bright skin	Peterkin, Julia	Scarlet Sister Mary	1929	86	33	pst.000005632824	1932
wu.89092567684	Peterkin, Julia Mood	Roll, Jordan, roll	Peterkin, Julia	Scarlet Sister Mary	1929	86	32	wu.89092567684	1933
uc2.ark+=13960=t6d21sw1w	Poole, Ernest	His second wife	Poole, Ernest	His Family	1918	100	40	uc2.ark+=13960=t6d21sw1w	1918
uc1.$b298770	Poole, Ernest	The avalanche	Poole, Ernest	His Family	1918	100	21	uc1.$b298770	1924
uc1.$b243874	Poole, Ernest	The little dark man : and other Russian sketches	Poole, Ernest	His Family	1918	100	19	uc1.$b243874	1925
uc1.$b799593	Poole, Ernest	The hunter's moon	Poole, Ernest	His Family	1918	100	35	uc1.$b799593	1925
uc1.$b243872	Poole, Ernest	With eastern eyes	Poole, Ernest	His Family	1918	100	30	uc1.$b243872	1926
uc1.$b298773	Poole, Ernest	Silent storms	Poole, Ernest	His Family	1918	100	26	uc1.$b298773	1927
uc1.$b799667	Poole, Ernest	Great winds	Poole, Ernest	His Family	1918	100	19	uc1.$b799667	1933
uc1.b3921051	Rawlings, Marjorie Kinnan	South moon under	Rawlings, Marjorie Kinnan	The Yearling	1939	100	17	uc1.b3921051	1933
uc1.$b243866	Rawlings, Marjorie Kinnan	Golden apples	Rawlings, Marjorie Kinnan	The Yearling	1939	100	29	uc1.$b243866	1935
uc1.$b104064	Rawlings, Marjorie Kinnan	When the whippoorwill	Rawlings, Marjorie Kinnan	The Yearling	1939	100	21	uc1.$b104064	1940
uc1.$b63751	Selby, John	Sam	Hersey, John	A Bell for Adano	1945	78	11	uc1.$b63751	1939
inu.30000114414166	Selby, John	Island in the corn	Hersey, John	A Bell for Adano	1945	78	41	inu.30000114414166	1941
wu.89099786840	Selby, John	Elegant journey	Hersey, John	A Bell for Adano	1945	78	39	wu.89099786840	1944
nyp.33433076039761	Sinclair, Upton	King Coal : a novel	Sinclair, Upton	Dragon's Teeth	1943	100	24	nyp.33433076039761	1917
uc2.ark+=13960=t41r6nx9c	Sinclair, Upton	King Coal;	Sinclair, Upton	Dragon's Teeth	1943	100	17	uc2.ark+=13960=t41r6nx9c	1917
pst.000028680673	Sinclair, Upton	Jimmie Higgins;	Sinclair, Upton	Dragon's Teeth	1943	100	21	pst.000028680673	1919
uc2.ark+=13960=t02z13b24	Sinclair, Upton	They call me Carpenter;	Sinclair, Upton	Dragon's Teeth	1943	100	27	uc2.ark+=13960=t02z13b24	1922
uc1.b4089009	Sinclair, Upton	Oil! A novel	Sinclair, Upton	Dragon's Teeth	1943	100	23	uc1.b4089009	1927
uc1.32106006106717	Sinclair, Upton	Boston, a novel	Sinclair, Upton	Dragon's Teeth	1943	100	28	uc1.32106006106717	1928
uc1.b3553046	Sinclair, Upton	Mountain City	Sinclair, Upton	Dragon's Teeth	1943	100	30	uc1.b3553046	1930
mdp.39015030711819	Sinclair, Upton	The wet parade	Sinclair, Upton	Dragon's Teeth	1943	100	25	mdp.39015030711819	1931
mdp.39015037068346	Sinclair, Upton	Co op; a novel of living together	Sinclair, Upton	Dragon's Teeth	1943	100	34	mdp.39015037068346	1936
mdp.39015030711983	Sinclair, Upton	The gnomobile; a gnice gnew gnarrative with gnonsense, but gnoth	Sinclair, Upton	Dragon's Teeth	1943	100	27	mdp.39015030711983	1936
mdp.39015071144987	Sinclair, Upton	The flivver king	Sinclair, Upton	Dragon's Teeth	1943	100	15	mdp.39015071144987	1937
uc1.32106002145982	Sinclair, Upton	World's end	Sinclair, Upton	Dragon's Teeth	1943	100	40	uc1.32106002145982	1940
uc1.32106002145552	Sinclair, Upton	Between two worlds	Sinclair, Upton	Dragon's Teeth	1943	100	25	uc1.32106002145552	1941
uc1.b4088966	Sinclair, Upton	Dragon's teeth	Sinclair, Upton	Dragon's Teeth	1943	100	100	uc1.b4088966	1942
mdp.39015011884213	Sinclair, Upton	Wide is the gate	Sinclair, Upton	Dragon's Teeth	1943	100	40	mdp.39015011884213	1943
mdp.39015030711868	Sinclair, Upton	Presidential agent	Sinclair, Upton	Dragon's Teeth	1943	100	31	mdp.39015030711868	1944
mdp.39015030711991	Sinclair, Upton	Dragon harvest	Sinclair, Upton	Dragon's Teeth	1943	100	64	mdp.39015030711991	1945
mdp.39015011347047	Sinclair, Upton	A world to win	Sinclair, Upton	Dragon's Teeth	1943	100	29	mdp.39015011347047	1946
mdp.39015048900867	Sinclair, Upton	Presidential mission	Sinclair, Upton	Dragon's Teeth	1943	100	24	mdp.39015048900867	1947
uc1.$b63789	Slade, Caroline	The triumph of Willie Pond	Miller, Caroline	Lamb in His Bosom	1934	77	31	uc1.$b63789	1940
uc1.$b63788	Slade, Caroline	Job's house	Miller, Caroline	Lamb in His Bosom	1934	77	36	uc1.$b63788	1941
mdp.39015073391024	Slade, Caroline	Mrs. Party's house	Miller, Caroline	Lamb in His Bosom	1934	77	34	mdp.39015073391024	1948
mdp.39015010370511	Steinbeck, John	The Pastures of heaven	Steinbeck, John	The Grapes of Wrath	1940	100	48	mdp.39015010370511	1932
mdp.39015005501682	Steinbeck, John	The red pony	Steinbeck, John	The Grapes of Wrath	1940	100	35	mdp.39015005501682	1933
mdp.39015002777806	Steinbeck, John	To a God unknown	Steinbeck, John	The Grapes of Wrath	1940	100	32	mdp.39015002777806	1933
mdp.39015005862548	Steinbeck, John	Tortilla flat	Steinbeck, John	The Grapes of Wrath	1940	100	43	mdp.39015005862548	1935
uc1.32106010492228	Steinbeck, John	In dubious battle	Steinbeck, John	The Grapes of Wrath	1940	100	31	uc1.32106010492228	1936
mdp.39015002260167	Steinbeck, John	Of mice and men	Steinbeck, John	The Grapes of Wrath	1940	100	27	mdp.39015002260167	1937
mdp.39015008257449	Steinbeck, John	The long valley	Steinbeck, John	The Grapes of Wrath	1940	100	23	mdp.39015008257449	1938
mdp.39015004063601	Steinbeck, John	The grapes of wrath	Steinbeck, John	The Grapes of Wrath	1940	100	100	mdp.39015004063601	1939
mdp.39015050756801	Steinbeck, John	The moon is down : a novel	Steinbeck, John	The Grapes of Wrath	1940	100	27	mdp.39015050756801	1942
mdp.39015002347311	Steinbeck, John	Cannery row	Steinbeck, John	The Grapes of Wrath	1940	100	38	mdp.39015002347311	1945
mdp.39015001574063	Steinbeck, John	The portable Steinbeck	Steinbeck, John	The Grapes of Wrath	1940	100	30	mdp.39015001574063	1946
mdp.39015013934230	Steinbeck, John	The wayward bus	Steinbeck, John	The Grapes of Wrath	1940	100	23	mdp.39015013934230	1947
mdp.39015010441882	Steinbeck, John	Burning bright; a play in story form	Steinbeck, John	The Grapes of Wrath	1940	100	31	mdp.39015010441882	1950
uc1.b4374101	Tarkington, Booth	Penrod and Sam	Tarkington, Booth	Alice Adams	1922	100	48	uc1.b4374101	1916
uc1.b4374101	Tarkington, Booth	Penrod and Sam	Tarkington, Booth	The Magnificent Ambersons	1919	100	34	uc1.b4374101	1916
uc2.ark+=13960=t29883p23	Tarkington, Booth	The magnificent Ambersons	Tarkington, Booth	Alice Adams	1922	100	50	uc2.ark+=13960=t29883p23	1918
uc2.ark+=13960=t29883p23	Tarkington, Booth	The magnificent Ambersons	Tarkington, Booth	The Magnificent Ambersons	1919	100	100	uc2.ark+=13960=t29883p23	1918
uc1.b3569278	Tarkington, Booth	Alice Adams	Tarkington, Booth	Alice Adams	1922	100	100	uc1.b3569278	1921
uc1.b3569278	Tarkington, Booth	Alice Adams	Tarkington, Booth	The Magnificent Ambersons	1919	100	50	uc1.b3569278	1921
mdp.39015063926714	Tarkington, Booth	Harlequin and Columbine	Tarkington, Booth	Alice Adams	1922	100	41	mdp.39015063926714	1921
mdp.39015063926714	Tarkington, Booth	Harlequin and Columbine	Tarkington, Booth	The Magnificent Ambersons	1919	100	36	mdp.39015063926714	1921
mdp.39015063926870	Tarkington, Booth	Gentle Julia	Tarkington, Booth	Alice Adams	1922	100	35	mdp.39015063926870	1922
mdp.39015063926870	Tarkington, Booth	Gentle Julia	Tarkington, Booth	The Magnificent Ambersons	1919	100	36	mdp.39015063926870	1922
mdp.39015064415238	Tarkington, Booth	The midlander	Tarkington, Booth	Alice Adams	1922	100	30	mdp.39015064415238	1923
mdp.39015064415238	Tarkington, Booth	The midlander	Tarkington, Booth	The Magnificent Ambersons	1919	100	33	mdp.39015064415238	1923
mdp.39015031304671	Tarkington, Booth	The fascinating stranger : an other stories	Tarkington, Booth	Alice Adams	1922	100	24	mdp.39015031304671	1923
mdp.39015031304671	Tarkington, Booth	The fascinating stranger : an other stories	Tarkington, Booth	The Magnificent Ambersons	1919	100	40	mdp.39015031304671	1923
pst.000045746857	Tarkington, Booth	Women	Tarkington, Booth	Alice Adams	1922	100	12	pst.000045746857	1925
pst.000045746857	Tarkington, Booth	Women	Tarkington, Booth	The Magnificent Ambersons	1919	100	23	pst.000045746857	1925
mdp.39015031304572	Tarkington, Booth	Looking forward, and others	Tarkington, Booth	Alice Adams	1922	100	37	mdp.39015031304572	1926
mdp.39015031304572	Tarkington, Booth	Looking forward, and others	Tarkington, Booth	The Magnificent Ambersons	1919	100	29	mdp.39015031304572	1926
pst.000015374950	Tarkington, Booth	The plutocrat	Tarkington, Booth	Alice Adams	1922	100	30	pst.000015374950	1927
pst.000015374950	Tarkington, Booth	The plutocrat	Tarkington, Booth	The Magnificent Ambersons	1919	100	13	pst.000015374950	1927
mdp.39015005732048	Tarkington, Booth	The world does move	Tarkington, Booth	Alice Adams	1922	100	31	mdp.39015005732048	1928
mdp.39015005732048	Tarkington, Booth	The world does move	Tarkington, Booth	The Magnificent Ambersons	1919	100	22	mdp.39015005732048	1928
mdp.39015031304689	Tarkington, Booth	Claire Ambler	Tarkington, Booth	Alice Adams	1922	100	50	mdp.39015031304689	1928
mdp.39015031304689	Tarkington, Booth	Claire Ambler	Tarkington, Booth	The Magnificent Ambersons	1919	100	53	mdp.39015031304689	1928
mdp.39015031306478	Tarkington, Booth	Young Mrs. Greeley	Tarkington, Booth	Alice Adams	1922	100	21	mdp.39015031306478	1929
mdp.39015031306478	Tarkington, Booth	Young Mrs. Greeley	Tarkington, Booth	The Magnificent Ambersons	1919	100	26	mdp.39015031306478	1929
uc1.$b105945	Tarkington, Booth	Mirthful Haven	Tarkington, Booth	Alice Adams	1922	100	24	uc1.$b105945	1930
uc1.$b105945	Tarkington, Booth	Mirthful Haven	Tarkington, Booth	The Magnificent Ambersons	1919	100	40	uc1.$b105945	1930
uc1.$b245130	Tarkington, Booth	Mary's Neck	Tarkington, Booth	Alice Adams	1922	100	18	uc1.$b245130	1932
uc1.$b245130	Tarkington, Booth	Mary's Neck	Tarkington, Booth	The Magnificent Ambersons	1919	100	31	uc1.$b245130	1932
uc1.$b245121	Tarkington, Booth	Wanton Mally	Tarkington, Booth	Alice Adams	1922	100	26	uc1.$b245121	1932
uc1.$b245121	Tarkington, Booth	Wanton Mally	Tarkington, Booth	The Magnificent Ambersons	1919	100	30	uc1.$b245121	1932
uc1.b3569298	Tarkington, Booth	Presenting Lily Mars	Tarkington, Booth	Alice Adams	1922	100	32	uc1.b3569298	1933
uc1.b3569298	Tarkington, Booth	Presenting Lily Mars	Tarkington, Booth	The Magnificent Ambersons	1919	100	34	uc1.b3569298	1933
mdp.39015063926722	Tarkington, Booth	Little Orvie	Tarkington, Booth	Alice Adams	1922	100	35	mdp.39015063926722	1934
mdp.39015063926722	Tarkington, Booth	Little Orvie	Tarkington, Booth	The Magnificent Ambersons	1919	100	24	mdp.39015063926722	1934
mdp.39015031304523	Tarkington, Booth	Mr. White, The red barn, Hell, and Bridewater	Tarkington, Booth	Alice Adams	1922	100	21	mdp.39015031304523	1935
mdp.39015031304523	Tarkington, Booth	Mr. White, The red barn, Hell, and Bridewater	Tarkington, Booth	The Magnificent Ambersons	1919	100	27	mdp.39015031304523	1935
uc1.$b105946	Tarkington, Booth	The Lorenzo bunch	Tarkington, Booth	Alice Adams	1922	100	25	uc1.$b105946	1936
uc1.$b105946	Tarkington, Booth	The Lorenzo bunch	Tarkington, Booth	The Magnificent Ambersons	1919	100	29	uc1.$b105946	1936
uc1.b3569300	Tarkington, Booth	Rumbin galleries	Tarkington, Booth	Alice Adams	1922	100	37	uc1.b3569300	1937
uc1.b3569300	Tarkington, Booth	Rumbin galleries	Tarkington, Booth	The Magnificent Ambersons	1919	100	43	uc1.b3569300	1937
uc1.$b105942	Tarkington, Booth	The heritage of Hatcher Ide	Tarkington, Booth	Alice Adams	1922	100	29	uc1.$b105942	1941
uc1.$b105942	Tarkington, Booth	The heritage of Hatcher Ide	Tarkington, Booth	The Magnificent Ambersons	1919	100	32	uc1.$b105942	1941
uc1.b3569284	Tarkington, Booth	The fighting Littles	Tarkington, Booth	Alice Adams	1922	100	30	uc1.b3569284	1941
uc1.b3569284	Tarkington, Booth	The fighting Littles	Tarkington, Booth	The Magnificent Ambersons	1919	100	32	uc1.b3569284	1941
mdp.39015031304630	Tarkington, Booth	Kate Fennigate	Tarkington, Booth	Alice Adams	1922	100	32	mdp.39015031304630	1943
mdp.39015031304630	Tarkington, Booth	Kate Fennigate	Tarkington, Booth	The Magnificent Ambersons	1919	100	34	mdp.39015031304630	1943
uc1.$b105943	Tarkington, Booth	Image of Josephine	Tarkington, Booth	Alice Adams	1922	100	28	uc1.$b105943	1945
uc1.$b105943	Tarkington, Booth	Image of Josephine	Tarkington, Booth	The Magnificent Ambersons	1919	100	36	uc1.$b105943	1945
mdp.49015001238956	Undset, Sigrid	Kristin Lavransdatter	Undset, Sigrid	#matchall	1928	100	13	mdp.49015001238956	1922
mdp.39015046378983	Undset, Sigrid	The bridal wreath	Undset, Sigrid	#matchall	1928	100	27	mdp.39015046378983	1923
uc1.32106013788002	Undset, Sigrid	The mistress of Husaby	Undset, Sigrid	#matchall	1928	100	30	uc1.32106013788002	1925
mdp.39015010832015	Undset, Sigrid	The wild orchid	Undset, Sigrid	#matchall	1928	100	20	mdp.39015010832015	1929
pst.000022805287	Undset, Sigrid	In the wilderness	Undset, Sigrid	#matchall	1928	100	23	pst.000022805287	1929
mdp.39015030021789	Undset, Sigrid	The snake pit	Undset, Sigrid	#matchall	1928	100	22	mdp.39015030021789	1929
mdp.39015030021755	Undset, Sigrid	The son avenger	Undset, Sigrid	#matchall	1928	100	10	mdp.39015030021755	1930
mdp.39015011306340	Undset, Sigrid	The burning bush	Undset, Sigrid	#matchall	1928	100	10	mdp.39015011306340	1932
mdp.39015030021896	Undset, Sigrid	The longest years	Undset, Sigrid	#matchall	1928	100	18	mdp.39015030021896	1935
mdp.39015002702796	Undset, Sigrid	Gunnar's daughter	Undset, Sigrid	#matchall	1928	100	15	mdp.39015002702796	1936
mdp.39015055252582	Undset, Sigrid	Madame Dorthea ;	Undset, Sigrid	#matchall	1928	100	40	mdp.39015055252582	1939
mdp.39015020921808	Warren, Robert Penn	Night rider	Warren, Robert Penn	All the King's Men	1947	100	28	mdp.39015020921808	1939
mdp.39015031306213	Warren, Robert Penn	At heaven's gate	Warren, Robert Penn	All the King's Men	1947	100	53	mdp.39015031306213	1943
uc1.32106002152723	Warren, Robert Penn	All the king's men	Warren, Robert Penn	All the King's Men	1947	100	100	uc1.32106002152723	1946
mdp.39015014198017	Warren, Robert Penn	World enough and time : a romantic novel	Warren, Robert Penn	All the King's Men	1947	100	31	mdp.39015014198017	1950
nyp.33433076079080	Wharton, Edith	The age of innocence	Wharton, Edith	The Age of Innocence	1921	100	100	nyp.33433076079080	1920
nyp.33433076079106	Wharton, Edith	The glimpses of the moon	Wharton, Edith	The Age of Innocence	1921	100	44	nyp.33433076079106	1922
mdp.39015005774867	Wharton, Edith	The old maid (the 'fifties)	Wharton, Edith	The Age of Innocence	1921	100	31	mdp.39015005774867	1924
uc1.$b245139	Wharton, Edith	Twilight sleep	Wharton, Edith	The Age of Innocence	1921	100	27	uc1.$b245139	1927
pst.000016192775	Wharton, Edith	The children	Wharton, Edith	The Age of Innocence	1921	100	25	pst.000016192775	1928
pst.000016058774	Wharton, Edith	Hudson River bracketed	Wharton, Edith	The Age of Innocence	1921	100	32	pst.000016058774	1929
mdp.39015010526716	Wharton, Edith	The world over	Wharton, Edith	The Age of Innocence	1921	100	31	mdp.39015010526716	1936
uc1.b3335465	Wharton, Edith	The buccaneers	Wharton, Edith	The Age of Innocence	1921	100	31	uc1.b3335465	1937
uc1.32106008942689	Wilder, Thornton	The cabala	Wilder, Thornton	The Bridge of San Luis Rey	1928	100	21	uc1.32106008942689	1926
mdp.39015008251194	Wilder, Thornton	The bridge of San Luis Rey	Wilder, Thornton	The Bridge of San Luis Rey	1928	100	100	mdp.39015008251194	1927
mdp.39015029924084	Wilder, Thornton	The woman of Andros	Wilder, Thornton	The Bridge of San Luis Rey	1928	100	38	mdp.39015029924084	1930
uc1.b4082899	Wilder, Thornton	Heaven's my destination	Wilder, Thornton	The Bridge of San Luis Rey	1928	100	27	uc1.b4082899	1934
mdp.39015030775509	Wilson, Margaret	The able McLaughlins	Wilson, Margaret	The Able McLaughlins	1924	100	100	mdp.39015030775509	1923
mdp.39015030042991	Wilson, Margaret	The painted room	Wilson, Margaret	The Able McLaughlins	1924	100	29	mdp.39015030042991	1926
mdp.39015030042512	Wilson, Margaret	Daughters of India	Wilson, Margaret	The Able McLaughlins	1924	100	35	mdp.39015030042512	1928
mdp.39015014868338	Wilson, Margaret	Trousers of taffeta, a novel of the child mothers of India	Wilson, Margaret	The Able McLaughlins	1924	100	24	mdp.39015014868338	1929
mdp.39015030042504	Wilson, Margaret	One came out	Wilson, Margaret	The Able McLaughlins	1924	100	36	mdp.39015030042504	1932
uc2.ark+=13960=t9765b43s	Tarkington, Booth	The spring concert	Tarkington, Booth	Alice Adams	1922	100	24	uc2.ark+=13960=t9765b43s	1916
uc2.ark+=13960=t9765b43s	Tarkington, Booth	The spring concert	Tarkington, Booth	The Magnificent Ambersons	1919	100	29	uc2.ark+=13960=t9765b43s	1916
nyp.33433076079056	Wharton, Edith	Summer : a novel	Wharton, Edith	The Age of Innocence	1921	100	38	nyp.33433076079056	1917
inu.39000001916886	Wharton, Edith	Summer	Wharton, Edith	The Age of Innocence	1921	100	9	inu.39000001916886	1917
mdp.39015005192508	Lewis, Sinclair	The job; an American novel	Lewis, Sinclair	Arrowsmith	1926	100	19	mdp.39015005192508	1917
mdp.39015005192508	Lewis, Sinclair	The job; an American novel	Lewis, Sinclair	#matchall	1930	100	26	mdp.39015005192508	1917
uc2.ark+=13960=t5bc3z13p	Poole, Ernest	The village;	Poole, Ernest	His Family	1918	100	22	uc2.ark+=13960=t5bc3z13p	1918
njp.32101068605771	Wharton, Edith	The Marne	Wharton, Edith	The Age of Innocence	1921	100	29	njp.32101068605771	1918
uc1.$b794703	Galsworthy, John	The burning spear, being the experiences of Mr. John Lavender in time of war	Galsworthy, John	#matchall	1932	100	12	uc1.$b794703	1919
uc2.ark+=13960=t79s1wf9r	France, Anatole	The amethyst ring	France, Anatole	#matchall	1921	100	27	uc2.ark+=13960=t79s1wf9r	1919
uc2.ark+=13960=t4qj7929j	Poole, Ernest	Blind;	Poole, Ernest	His Family	1918	100	12	uc2.ark+=13960=t4qj7929j	1920
uc2.ark+=13960=t56d5sp11	Galsworthy, John	Tatterdemalion	Galsworthy, John	#matchall	1932	100	35	uc2.ark+=13960=t56d5sp11	1920
njp.32101013486293	Galsworthy, John	Villa Rubein : and other stories	Galsworthy, John	#matchall	1932	100	15	njp.32101013486293	1920
mdp.39015005343010	Lewis, Sinclair	Main Street, the story of Carol Kennicott	Lewis, Sinclair	Arrowsmith	1926	100	24	mdp.39015005343010	1921
mdp.39015005343010	Lewis, Sinclair	Main Street, the story of Carol Kennicott	Lewis, Sinclair	#matchall	1930	100	24	mdp.39015005343010	1921
uc1.b4097383	Ferber, Edna	The girls	Ferber, Edna	So Big	1925	100	18	uc1.b4097383	1921
mdp.39015030372299	France, Anatole	Count Morin, deputy	France, Anatole	#matchall	1921	100	14	mdp.39015030372299	1921
nyp.33433070255314	Walter, William W	The unfoldment	Faulkner, William	#matchall	1949	76	21	nyp.33433070255314	1921
uc2.ark+=13960=t17m0gv5v	Hamsun, Knut	Mothwise	Hamsun, Knut	#matchall	1920	100	35	uc2.ark+=13960=t17m0gv5v	1921
mdp.39015030368404	France, Anatole	Monsieur Bergeret in Paris	France, Anatole	#matchall	1921	100	17	mdp.39015030368404	1921
nyp.33433074972435	Lewis, Sinclair	Babbitt	Lewis, Sinclair	Arrowsmith	1926	100	35	nyp.33433074972435	1922
nyp.33433074972435	Lewis, Sinclair	Babbitt	Lewis, Sinclair	#matchall	1930	100	25	nyp.33433074972435	1922
uc1.b3144349	Poole, Ernest	Millions	Poole, Ernest	His Family	1918	100	33	uc1.b3144349	1922
nyp.33433076014756	Tarkington, Booth	The works of Booth Tarkington	Tarkington, Booth	Alice Adams	1922	100	11	nyp.33433076014756	1922
nyp.33433076014756	Tarkington, Booth	The works of Booth Tarkington	Tarkington, Booth	The Magnificent Ambersons	1919	100	30	nyp.33433076014756	1922
uc2.ark+=13960=t6639wq6t	Deledda, Grazia	The woman & the priest	Deledda, Grazia	#matchall	1926	100	30	uc2.ark+=13960=t6639wq6t	1922
uc1.b3314117	France, Anatole	The garden of Epicurus	France, Anatole	#matchall	1921	100	15	uc1.b3314117	1923
mdp.39015030027653	Hamsun, Knut	Children of the age	Hamsun, Knut	#matchall	1920	100	21	mdp.39015030027653	1924
mdp.39015030368602	France, Anatole	On life and letters : second series / $f: a translation by A.W. Evans	France, Anatole	#matchall	1921	100	13	mdp.39015030368602	1924
uc1.$b317455	France, Anatole	The opinions of Jérôme Coignard	France, Anatole	#matchall	1921	100	16	uc1.$b317455	1924
mdp.39015003679712	Galsworthy, John	Caravan, the assembled tales of John Galsworthy	Galsworthy, John	#matchall	1932	100	21	mdp.39015003679712	1925
uc1.b3687210	Bromfield, Louis	Possession, a novel	Bromfield, Louis	Early Autumn	1927	100	26	uc1.b3687210	1925
uc1.b3687464	Erskine, John	Galahad; enough of his life to explain his reputation	Hersey, John	A Bell for Adano	1945	80	29	uc1.b3687464	1926
uc1.$b298733	Peterkin, Julia Mood	Black April	Peterkin, Julia	Scarlet Sister Mary	1929	86	27	uc1.$b298733	1927
uc1.32106002127196	Marquand, John P. (John Phillips)	Mr. Moto's three aces, a John P. Marquand omnibus	Marquand, John Phillips	The Late George Apley	1938	82	21	uc1.32106002127196	1938
uc1.32106002139753	Rawlings, Marjorie Kinnan	The yearling;	Rawlings, Marjorie Kinnan	The Yearling	1939	100	94	uc1.32106002139753	1938
mdp.39015038923598	Mann, Thomas	Stories and episodes [from the novels	Mann, Thomas	#matchall	1929	100	17	mdp.39015038923598	1940
inu.30000114415460	Sinclair, John L	In time of harvest : a novel	Sinclair, Upton	Dragon's Teeth	1943	77	29	inu.30000114415460	1943
uc1.32106014654039	Steinbeck, John	Steinbeck; selected by Pascal Covici	Steinbeck, John	The Grapes of Wrath	1940	100	20	uc1.32106014654039	1943
uc1.b4091279	Lewis, Sinclair	Seven selected short stories	Lewis, Sinclair	Arrowsmith	1926	100	16	uc1.b4091279	1943
uc1.b4091279	Lewis, Sinclair	Seven selected short stories	Lewis, Sinclair	#matchall	1930	100	11	uc1.b4091279	1943
uc1.$b261734	Flint, Margaret	Dress right, dress; the autobiography of a WAC	Wilson, Margaret	The Able McLaughlins	1924	77	19	uc1.$b261734	1943
mdp.39015034646565	Landon, Margaret	Anna and the King of Siam	Wilson, Margaret	The Able McLaughlins	1924	81	34	mdp.39015034646565	1944
uc1.$b245238	Trist, Margaret	What else is there?	Wilson, Margaret	The Able McLaughlins	1924	77	34	uc1.$b245238	1946
